roastName,dateTime,beanChargeTemperature,beanDropTemperature,drumChargeTemperature,drumDropTemperature,preheatTemperature,roastStartIndex,roastEndIndex,weightGreen,weightRoasted,weightLostPercent,ambient,humidity,Drop-ChargeDeltaTemp,totalRoastTime,indexFirstCrackStart,indexFirstCrackEnd,indexYellowingStart,comments,roastNumber,firmware,missingSeconds,rating,beanId,indexTurningPoint,ibtsTurningPointTemp,index165PT,turningPointTime,yellowPointTime,firstCrackTime,time/temp,temp/time,deltaIBTS-BT
First Post-seasoning,1595642007716,125.9,187.6,237.7,204.6,240,0,1099,370,0,,,,,547,880.0,0,756,First real attempt after seasoning. Several small adjustments at FC did not react as quickly as expected.  Probably should have finished hotter or longer/ 408 finishing temp.  Confusion around BT readings due to lack of clarity and mixed nomenclature from Allio.,8,562,[],2,3105b557-916f-40b6-bec1-59f17c2a8fd7,111.0,100.1,422.0,0.925,6.3,7.333333333333333,2.9157782515991473,0.3429616087751371,17.0
2nd Ethopia Extended Dev,1595983767878,150.1,189.8,244.9,207.6,245,0,971,380,336,,0,50,,483,760.0,0,406,Better results to drop temp by increasing fan speed near FC. Some unnecessary fiddling with P's.  Tried lower D speed as Roasting Navigated said D8 is ideally less than threshold for centrufigle force lock. Accidently hit cool at first alarm but didn't drop... lowered fan and increased the auto-d1 drum speed to keep it cracking longer,9,562,[],2,3105b557-916f-40b6-bec1-59f17c2a8fd7,117.0,104.8,403.0,0.975,3.3833333333333333,6.333333333333333,2.5447839831401473,0.39296066252587997,17.799999999999983
First BBP attempt - CItyish,1596160358079,147.8,202.6,245.1,216.1,245,0,1031,490,425,,,,,513,838.0,0,422,"First BBP PH try. PH to 260 9 mins + 2 min hold and droped to 240 & 245 over about 8 additional mins. 
Tried P8 w/ larger batch size. Difficult to control FC rise. Increase of Fan B4 first crack might have brought temp up. Color appeared darker as roaster becomes more seasoned and chaffe looked burnt (higher PH?). Beans have nice mild milk chocolate smell in early degassing.",10,562,[],2,3105b557-916f-40b6-bec1-59f17c2a8fd7,113.0,97.4,422.0,0.9416666666666667,3.5166666666666666,6.983333333333333,2.5320829220138203,0.3949317738791423,13.5
Ethiopia #4  w/ marcel,1596417079393,150.0,199.8,245.3,208.6,245,0,1125,490,0,,,,,560,872.0,0,448,"Tried to use an increased fan speed to mitgate the rise at the first crack.
used about a 20-25 min preheat, did not see a huge positive effect from that PH.  Should step up to P8 at charge to get a greater ROR start",12,562,[],2,3105b557-916f-40b6-bec1-59f17c2a8fd7,,,448.0,,3.7333333333333334,7.266666666666667,2.8028028028028027,0.3567857142857143,8.799999999999983
Ethiopian 5th - Hot Start,1596498641198,158.7,198.9,247.3,211.0,245,0,1037,490,427,,,,,516,780.0,0,402,"Started with a long 35mins PH to 260, then droppd to 240.  Began at P9 to try and get a >20 ROR spike. Planned to drop 1P every 2:30, but needed more at the end.  Again tended to plateau ROR in middle of roast.
Dissapointed in the shape but understanding how modulation or vatious methods can and cannot be represented in the profile.
Tried to pick at yellowing point. Potentially IR @150",13,562,[],2,3105b557-916f-40b6-bec1-59f17c2a8fd7,119.0,103.0,402.0,0.9916666666666667,3.35,6.5,2.594268476621418,0.38546511627906976,12.099999999999994
"#7 Ethopian - no fan, applied reading, meh",1596920854091,157.6,197.3,243.8,205.1,245,0,1180,490,0421,,,,,587,836.0,0,404,"Could not control ROR at 1C, again at 10. Hoping it could get it down to 5.
I tried to follow several steps in Rao's book including dropping power 2 min B4 1c (followed by fan increase 5 sec later), drop power 45 sec B4 1C, and halve during 1C (althought i started halving at 7% DTR instead of 12%).  A few panicy points as well when I notcied the curves looking mostly like my previous ones and not dropping.  Bullet on dedicated extension cord, fan across the room. Roasted 5pm and hottter outside",17,562,[],2,3105b557-916f-40b6-bec1-59f17c2a8fd7,123.0,107.1,404.0,1.025,3.3666666666666667,6.966666666666667,2.975164723770907,0.33611584327086885,7.799999999999983
1/8 Guat Xinabajul Cuchu,1597108652258,153.8,187.1,239.8,197.6,240,0,1301,490,425,,,,,648,988.0,1292,504,"First guat roast, Felt like I did a good job of droping power to keep ROR falling. Based on some of my written notes but wanted to drop power after the inital ROR peak to keep it falling.  Potentially negative due to sorta crash at end, dropped below and 0 ROR and dropped at or below 200C. Overall, getting better...instinct or luck",18,562,[],3,c0ce6a21-1edf-442b-a721-b295b5c20956,121.0,88.8,504.0,1.0083333333333333,4.2,8.233333333333333,3.463388562266168,0.2887345679012346,10.5
9 Nica DP with Rob,1597277335727,159.9,182.7,243.9,202.4,245,0,1621,470,404,,,,,808,1476.0,0,510,"dropped heat a lot to control high ROR,  found a very low and slow approach to FC. nice smell, confusing but good",19,562,[],3,2340d664-e08e-4539-bcb6-c7b1a56d6e64,129.0,97.5,509.0,1.075,4.25,12.3,4.422550629447182,0.2261138613861386,19.700000000000017
10 Peru with Rob,1597280326178,132.9,187.3,215.5,199.9,215,0,1291,470,411,,,,,643,1128.0,0,616,Rob coming thru with the details on lower charge and power to get smoother ROR. Potential flat line in there,19,562,[],3,bdad6ba2-15e8-4a67-bfb1-b63d7908f8cf,121.0,85.4,611.0,1.0083333333333333,5.133333333333334,9.4,3.4329951948745325,0.2912908242612753,12.599999999999994
#11 Ethiopia Agaro Nano Challa w/ Rob,1597282004681,121.7,172.2,201.5,204.4,200,0,1073,300,0,,,,,534,950.0,0,548,,19,562,[],0,15149f1f-7c4c-4f5a-a830-f7ed5c9399f9,115.0,88.1,547.0,0.9583333333333334,4.566666666666666,7.916666666666667,3.1010452961672477,0.32247191011235954,32.20000000000002
#12 PNG Bariod,1597514557046,128.1,175.1,210.8,193.4,210,0,1719,450,384,,,,,857,1242.0,1566,698,"slower roast, attempted to follow previous Peru. Found FC spike before sound at 196 degs, should plan to drop P 1 min sooner at 190ish? 
Seemingly went longer as I wanted to get rid of rasin mottel...",22,562,[],2,e909f88b-4e94-4791-83e8-59fad3713332,122.0,79.9,697.0,1.0166666666666666,5.816666666666666,10.35,4.894346087949743,0.2043173862310385,18.30000000000001
#13 Kenya Nyeri Githiru AA,1597516297433,129.6,181.7,217.3,199.2,215,0,1350,450,385,,,,,673,1022.0,0,608,"attempted to plan to drop P before 1C since PNG was plateaued.  Did this a little better and found the 400g roast was behaving a fair bit different than 450, 13% different weight. Major crash at end that couldn't be countered with heat:  eh - bland taste of chewing beans",22,562,[],3,7777609e-8e8f-4f45-b1dd-9f493beed45e,117.0,85.1,608.0,0.975,5.066666666666666,8.516666666666667,3.703907539900936,0.2699851411589896,17.5
#17 Ethiopia Limu Musa  Soak 9/9/20,1599702325235,132.6,182.5,230.5,204.1,230,0,1142,488,427,,,,,568,922.0,0,506,"This is another weird experiment.  First tried and the roast temp peaked at ~10ROR and plummeted... did not yellow after 8-9 mins..I think the Power was malfunctioning. call it a super long soak.  Then I cooled and pre-heated again to 230 and roasted on mostly 9 with increasing the fan speed.  Seemingly good results wtih 1C ~8 ROR. Used a dip in Power here and bought it back up to avoid a crash. Finished at 204 (although wish I was higher and 5 deg ROR at 18% DEV.  Nice taste after roasting, slightly tingy metalic smell?",27,562,[],2,ee917c80-02a3-43d0-b91c-380b2ac6761b,105.0,83.3,505.0,0.875,4.216666666666667,7.683333333333334,3.1123287671232878,0.32130281690140844,21.599999999999994
#18 Eithopian DP Shakios Korommii with sm new DP mix,1600622540630,130.2,191.4,216.1,210.3,215,0,1156,490,425,,,,,576,924.0,0,540,The roast temp was higher than expected mid roast but I feel it was well modulated with significant and pre-emptive increases in fan speed as well as a temp dip at 1C,28,562,[],3,3105b557-916f-40b6-bec1-59f17c2a8fd7,108.0,83.2,540.0,0.9,4.5,7.7,3.0094043887147333,0.33229166666666665,18.900000000000006
#19 Etihopia Limu,1601429240993,138.7,186.7,216.3,205.7,215,0,1149,490,425,,,,,572,902.0,0,520,Good roast with short to no soak.  had ~80g of washed eithopian in there which may have been early 1C aspect(?) ,29,562,[],3,ee917c80-02a3-43d0-b91c-380b2ac6761b,119.0,82.4,520.0,0.9916666666666667,4.333333333333333,7.516666666666667,3.06373861810391,0.3263986013986014,19.0
#20 Ethiopia Limu - Fan Rubbing,1601585623994,129.5,190.2,216.3,202.5,215,0,1090,500,440,,,,,542,914.0,0,540,Fan was rubbing in the back causing a late spike in heat and problematic ,30,562,[],2,ee917c80-02a3-43d0-b91c-380b2ac6761b,116.0,81.0,537.0,0.9666666666666667,4.5,7.616666666666666,2.8496319663512093,0.3509225092250922,12.300000000000011
#21 Ethiopia Genji Challa,1601588681816,126.1,181.9,201.9,203.0,202,0,1414,500,435,,,,,705,1216.0,0,734,"Says 230 PH but maybe only 200, slow Turning Point and quick drop on P7, probably several things on the low end of what is needed. I tried to bring this below my typical but this felt too long.  Marcelle's HBD batch ",30,562,[],3,9e7d2b7e-1f51-4baf-bc3c-5b061d91acd8,113.0,73.7,730.0,0.9416666666666667,6.116666666666666,10.133333333333333,3.8757559098405716,0.2580141843971631,21.099999999999994
#22 Ethiopia Gengi Challa DP,1601855575556,137.7,183.5,222.8,201.5,220,0,1355,490,422,,,,,675,1134.0,0,590,"220 charge was higher than previous turning point. steady decline resulted in a bit of necessary lateral movement to get thru 1C without dropping hard and stalling at end, actually did a little end shuffle where I didn't drop but turned it to cool and back to on at the end for another 20-30 sec. ",32,562,[],3,9e7d2b7e-1f51-4baf-bc3c-5b061d91acd8,110.0,81.7,591.0,0.9166666666666666,4.916666666666667,9.45,3.678474114441417,0.27185185185185184,18.0
#22 Guat Xinabajul Chchu - typical,1602207340600,133.2,183.1,223.1,204.1,220,0,1282,490,423,,,,,638,1040.0,1266,596,"Typical, sorta poorly controlled and ending mottled and past 'very light'   could not get a strong ROR ending finish without crashing",33,562,[],2,c0ce6a21-1edf-442b-a721-b295b5c20956,118.0,80.3,596.0,0.9833333333333333,4.966666666666667,8.666666666666666,3.4844347351174223,0.28699059561128526,21.0
#23 PNG Barioda Estate 1,1603330047486,129.3,181.7,217.7,204.5,215,0,1432,490,420,,,,,713,1156.0,0,684,Well (self) managed declining ROR with minimal input except for around 1C and TD. Next time go a little longer,34,562,[],3,e909f88b-4e94-4791-83e8-59fad3713332,115.0,78.3,683.0,0.9583333333333334,5.7,9.633333333333333,3.9240506329113924,0.25483870967741934,22.80000000000001
#24 PNG Barioda Estate 2nd Actual,1603331383369,132.8,181.2,217.6,205.0,215,0,1469,490,416,,,,,732,1090.0,1422,640,Just a hair darker with some on-the-fly adjustments to keep this medium roast going 25 seconds longer than the previous. Taste will tell,34,562,[],3,e909f88b-4e94-4791-83e8-59fad3713332,120.0,79.0,641.0,1.0,5.333333333333333,9.083333333333334,4.039735099337749,0.24754098360655735,23.80000000000001
# 25 Kenya Mix 350/140,1603414649858,119.0,181.3,202.7,201.2,200,0,1362,490,429,,,,,678,1128.0,0,692,Felt like low charge temp maybe have resulted in slower 2nd D (slower ROR drop) uncertain. ,36,562,[],0,7777609e-8e8f-4f45-b1dd-9f493beed45e,112.0,72.7,691.0,0.9333333333333333,5.766666666666667,9.4,3.739658025372311,0.26740412979351036,19.899999999999977
# 25 Kenya Mix 350/140,1603415792364,119.4,187.3,203.3,207.3,200,0,1412,490,429,,,,,703,1128.0,0,664,Felt like low charge temp maybe have resulted in slower 2nd D (slower ROR drop) uncertain. ,36,562,[],0,7777609e-8e8f-4f45-b1dd-9f493beed45e,112.0,72.7,691.0,0.9333333333333333,5.533333333333333,9.4,3.753336892685531,0.26642958748221907,20.0
#27 Guat ,1604242690683,139.2,186.7,219.2,208.7,225,0,1193,500,432,,,,,596,958.0,0,534,"Tried a combo of heat and fan with a 225 PH, but didn't get stability to avoid the crash",38,562,[],4,c0ce6a21-1edf-442b-a721-b295b5c20956,108.0,80.3,534.0,0.9,4.45,7.983333333333333,3.1922870915907877,0.313255033557047,22.0
#28 Guat 245PH no crash,1604245208378,154.9,192.2,243.3,205.9,225,0,1122,500,434,,,,,561,918.0,0,514,,38,562,[],5,c0ce6a21-1edf-442b-a721-b295b5c20956,118.0,89.1,514.0,0.9833333333333333,4.283333333333333,7.65,2.9188345473465143,0.342602495543672,13.700000000000017
#29 Genji Challa DP - Good,1604590564923,150.1,189.7,194.7,203.3,245,0,1224,500,435,,,,,609,1012.0,0,496,,40,562,[],5,9e7d2b7e-1f51-4baf-bc3c-5b061d91acd8,103.0,89.5,496.0,0.8583333333333333,4.133333333333334,8.433333333333334,3.2103321033210332,0.3114942528735632,13.600000000000023
#30 Burrundi ,1604600188923,148.0,186.4,245.9,204.6,245,0,1051,500,437,,30,34,,525,854.0,0,476,,41,562,[],4,e22c4d21-3ef1-4ff6-81ef-a6127c941c52,113.0,90.7,475.0,0.9416666666666667,3.966666666666667,7.116666666666666,2.8165236051502145,0.35504761904761906,18.19999999999999
#31 Ethiopia Lima Musu washed and crashed,1604601066847,149.9,186.1,245.7,202.8,245,0,1007,500,432,,,,,503,828.0,0,454,Really fast due to high temps after intital ROR drop. ,41,562,[],3,ee917c80-02a3-43d0-b91c-380b2ac6761b,112.0,92.4,451.0,0.9333333333333333,3.783333333333333,6.9,2.7028479312197744,0.36998011928429425,16.700000000000017
#32 PNG / Guat for Tara,1608076090892,149.9,182.3,230.4,205.5,275,0,1183,497,429,,,,,589,876.0,0,492,"Cupping: Much flatter and more empty than expected. Not much sweetness or rich/chocolate typical Guat flavor

Roast: Curve looked like a good roast given first at low temps (30 F in Pittsburgh adding a few to the garage, maybe 8), my water isn't frozen
waited a bit longer than a previous guat to drop temp because ambient escape.  245 PH",44,562,[],4,e909f88b-4e94-4791-83e8-59fad3713332,114.0,90.6,489.0,0.95,4.1,7.3,3.230938014262205,0.30950764006791176,23.19999999999999
#33 Kenya Gakuyu-Ini AA,1608077396752,139.2,177.9,245.4,201.5,245,0,1082,490,430.5,,,,,541,846.0,0,482,"Damn cold, 2nd roast. Tried to play it off #32 but had more of a crash that I would have liked and it hung at 200-201 for too long",44,558,[],4,55c16e48-9b08-4b2f-93d5-8f8b089a5017,117.0,89.4,482.0,0.975,4.016666666666667,7.05,3.041034288926363,0.3288354898336414,23.599999999999994
#34 Kenya - Soak and watch,1608418073349,142.8,178.8,243.8,202.3,245,0,1256,490,428,,42,78,,628,980.0,0,570,34 outside.  Crash at end is when I opened the garage door and kicked on the 2 fans in the garage! Also used green pad atop bullet to reduce heat loss in low temps.   YP at 165 was fine with visual change. Increased fan here. Tried power dip b4 1C.... Interesting -> 1C seemed to come early on this soaked roast. ,46,558,[],4,55c16e48-9b08-4b2f-93d5-8f8b089a5017,119.0,90.0,572.0,0.9916666666666667,4.75,8.166666666666666,3.512304250559284,0.28471337579617834,23.5
"#35 Kenya no soak - FC stall, balls",1608591810107,138.6,185.8,232.1,205.4,230,0,1172,400,348.6,,42,85,,586,904.0,0,508,"Smaller batch size with mid-sized PH... still have post 1C problems that could be causing baked flavors. Attempted to resist turning up the fan with very cold air entering the system. 
Cooled on box fan",48,558,[],3,55c16e48-9b08-4b2f-93d5-8f8b089a5017,115.0,90.9,506.0,0.9583333333333334,4.233333333333333,7.533333333333333,3.153928955866523,0.3170648464163823,19.599999999999994
#36 Guat 400g from M.  ,1609022936499,134.4,186.8,227.2,203.4,225,0,992,405,354,,30,72,,496,798.0,0,454,"cold AF out,  garage is quite cold.  Tried to go quick and hot early, extend the mailard (althought that wasn't perfect, and keep it going thru FC... Seemed to work with hesitation to run fan at end (very cold air entering the machine).  First chew of post roast bean is a bit ashey..",49,558,[],4,,105.0,84.0,454.0,0.875,3.783333333333333,6.65,2.655246252676659,0.3766129032258065,16.599999999999994
#37 Kenya - fast start. always stalls,1609023572351,134.2,174.0,230.2,209.3,230,0,1094,401,346,,29,70,,547,820.0,0,460,"Its a bit unnerving coming into the yellowing and browing with high RORs.  An articicle recomended trying to burn thru the drying phase hot to preserve some acidity, but then extend the mailard to get fruit and sweetness... however when set up with a hot drying phase, its hard to slow down the momentum, yet not stall momentum at the end",49,558,[],4,55c16e48-9b08-4b2f-93d5-8f8b089a5017,114.0,89.4,458.0,0.95,3.8333333333333335,6.833333333333333,3.1436781609195403,0.3180987202925046,35.30000000000001
"#38 Ethiopain Yirg.   LATE and HOT (205?) FC - PH 215, ",1609438442061,135.1,194.7,214.9,208.9,215,0,1285,490,420,,42,76,,642,1180.0,0,636,"Garage open at 4min.  Holding steady, looked like a lot of chaff from this Yirg so I upped fan a tried to hold heat thru FC.  Very supprised that audible FC wasn't until 205C..   First notes of taste are ashy with some fruit...althought nice outside bean character, smooth finish ",52,558,[],4,4a557687-d410-4ad2-b504-27b518a9a7ae,114.0,78.8,638.0,0.95,5.3,9.833333333333334,3.297380585516179,0.30327102803738315,14.200000000000017
#39 Ethiopian Yirg 205 PH - ,1609440612037,125.0,190.4,206.1,206.6,205,0,1344,490,421,,48,75,,672,1256.0,0,690,"Less Ashy, nice taste at end",52,558,[],5,4a557687-d410-4ad2-b504-27b518a9a7ae,109.0,73.8,688.0,0.9083333333333333,5.75,10.466666666666667,3.5294117647058822,0.2833333333333333,16.19999999999999
#40 Ethiopian Yirg 235PH - Fast roast 209 drop but light!,1609441622617,142.0,196.4,236.5,209.7,235,0,1089,490,422.3,,45,75,,544,970.0,0,536,"209 drop but visibly lighter, picked out 2 grams (roast weight corrected) of light and grassy beans",52,558,[],5,4a557687-d410-4ad2-b504-27b518a9a7ae,109.0,83.7,532.0,0.9083333333333333,4.466666666666667,8.083333333333334,2.769857433808554,0.3610294117647059,13.299999999999983
#41 Ethiopian - 1:30 soak,1609976977201,147.2,197.4,235.6,209.8,235,0,1171,490,421,,46,76,,585,1056.0,0,588,,55,558,[],0,4a557687-d410-4ad2-b504-27b518a9a7ae,115.0,87.1,584.0,0.9583333333333334,4.9,8.8,2.9635258358662613,0.33743589743589747,12.400000000000006
#42 Ethiopia - no soak 225 - PREF,1609979124648,131.5,197.1,225.3,209.3,225,0,1216,490,420.5,,45,75,,608,1106.0,0,572," adjustemnts at 170ish to attempt drop ROR instead of plateauinng around FC... Test was supposed to let roast expand in DEV time but it reached 209 at a very similar time....   Result: Low acid, medium body, med-high flavors of a fruity cup",55,558,[],0,4a557687-d410-4ad2-b504-27b518a9a7ae,113.0,81.0,568.0,0.9416666666666667,4.766666666666667,9.216666666666667,3.0847285641806192,0.32417763157894736,12.200000000000017
#43 Ethiopia 225 42 mirror with longer dev,1610670126501,144.4,194.9,226.6,208.0,225,0,1343,490,418,,51,56,,671,1148.0,0,568,"pretty well behaved roast after quite closely following the last few.  Seems like a higher PH with a higher temp in the garage.   Would like to see if the low ROR at the end and a drop temp ~2 degs less than the previous roasts changes flavor
",57,558,[],0,4a557687-d410-4ad2-b504-27b518a9a7ae,118.0,84.7,570.0,0.9833333333333333,4.733333333333333,9.566666666666666,3.4427911749615188,0.2904619970193741,13.099999999999994
#44 Kenya - Rao suggestion,1611363403112,151.6,181.7,236.3,198.5,235,0,1018,490,433,,43,66,,509,862.0,0,476,"Attempted temp based power % based on Rao's CRBP.. did not appropriately account for fan changes on a cold night (30F outside) .  Beans quite hard with only 11.6% WL althought i was aftraight they were going a little long
Cupping:  High acid, moderate flavor",58,558,[],0,55c16e48-9b08-4b2f-93d5-8f8b089a5017,124.0,89.8,472.0,1.0333333333333334,3.966666666666667,7.183333333333334,2.801320858558063,0.35697445972495084,16.80000000000001
#45 Kenya Rao's with little to no fan. still crashed 40s after FC,1611364084883,141.4,186.2,239.4,202.5,240,0,1128,490,427,,42,60,,564,886.0,0,476,pushed this roast a little further but it still crashed 40 sec after 1C.  the cold weather can't be helping but it does tend tto suck heat hard!,58,558,[],0,55c16e48-9b08-4b2f-93d5-8f8b089a5017,113.0,86.4,476.0,0.9416666666666667,3.966666666666667,7.383333333333334,3.0290010741138564,0.3301418439716312,16.30000000000001
#46 Sumatra,1612023771596,142.7,191.3,245.0,206.3,245,0,1045,400,341,,41,65,,522,860.0,0,448,"kinda ugly beans,   looks like kenyan FC crash,  so cold outside",61,558,[],0,,110.0,91.8,448.0,0.9166666666666666,3.7333333333333334,7.166666666666667,2.728698379508625,0.36647509578544063,15.0
#47 Ethiopia mix. 40%DP 40% wash 20% Burrundi,1612025301077,149.9,190.8,236.2,201.6,235,0,1151,490,429,,38,65,,575,904.0,0,486,Pretty wonky chart. temp increases in unexpeted places when I was reducing heat.. ibtsTemps flatlineed after FC althought the ROR was still 5-2... potentially related to the method of smoothing in ROR?,61,558,[],0,ee917c80-02a3-43d0-b91c-380b2ac6761b,121.0,86.3,484.0,1.0083333333333333,4.05,7.533333333333333,3.0136268343815513,0.33182608695652177,10.799999999999983
#48 Kenya - dip to fix crash,1612631405359,163.3,187.7,242.6,204.7,240,0,1132,490,423,,37,41,,566,886.0,0,478,"Higher PH after quite a long warm up. Roared right into this roast in cold temps, no prob. about a 40sec dip at 180C seemed to control some of the FC spike with limited crash (but thats bean temp)   ",63,558,[],0,55c16e48-9b08-4b2f-93d5-8f8b089a5017,126.0,94.1,478.0,1.05,3.9833333333333334,7.383333333333334,3.015450186467768,0.3316254416961131,17.0
#49 Kenya playback,1612633639288,141.2,188.1,236.8,205.5,235,0,1262,490,423,,40,41,,631,932.0,0,492,Large dip/spike after ROR peak due to pulling back cover off for fan rubbing. cancled playback at end to adjust power and time at FC. Interesting samem weight loss with a longer DTR,64,558,[],0,55c16e48-9b08-4b2f-93d5-8f8b089a5017,117.0,86.8,492.0,0.975,4.1,7.766666666666667,3.354598617756513,0.29809825673534074,17.400000000000006
#50 Kenya Recipie off 48,1613327706339,146.6,187.6,239.2,206.1,240,0,1208,490,423,,42,76,,604,916.0,0,468,First recipie built off #48.   I missed the first P7-P6 step in the roast and needed to do a manual adjust for P drop on DTR at the end of the roast. However pretty happy,65,558,[],4,55c16e48-9b08-4b2f-93d5-8f8b089a5017,120.0,90.5,468.0,1.0,3.9,7.633333333333334,3.2196162046908317,0.31059602649006623,18.5
#51 Ethiopia Natural off Recipe,1613329471325,137.4,192.4,228.5,205.5,225,0,1358,490,422,,41,76,,679,1236.0,0,632,not well executed roast!  ,65,558,[],0,4a557687-d410-4ad2-b504-27b518a9a7ae,111.0,81.4,598.0,0.925,5.266666666666667,10.3,3.529106029106029,0.2833578792341679,13.099999999999994
#52 Ethiopia Bedhatu - last w 660g,1614470122289,157.1,205.4,236.4,208.7,235,0,1418,660,565.5,,45,77,,709,1260.0,0,732,"Bit of a struggle with this higher batch size.  Started wiht lower momentum than expected and gave it a bit more power, it took off on me at the end and had a hard time bringing it down. Over all, much longer of a roast than i'd like. ",67,558,[],0,4a557687-d410-4ad2-b504-27b518a9a7ae,123.0,75.4,746.0,1.025,6.1,10.5,3.451801363193768,0.289703808180536,3.299999999999983
#54 Ethiopian 700,1615074983249,157.3,206.9,240.9,209.1,240,0,1495,700,600,,38,43,,747,1312.0,0,688,"decent roast, challenges in manageing 700g",69,558,[],0,IUMrbl9pMB4QKD5QZNyW,118.0,77.7,678.0,0.9833333333333333,5.733333333333333,10.933333333333334,3.6104398260029,0.2769745649263722,2.1999999999999886
#55 Ethiopia 600g,1616343874386,148.0,197.5,234.4,205.3,235,0,1173,600,524.5,,50,20,,586,1032.0,1170,602,Pretty good roast following the last 700g. seems like 600 was more manageable to control,70,558,[],0,IUMrbl9pMB4QKD5QZNyW,114.0,79.5,602.0,0.95,5.016666666666667,8.6,2.9670886075949365,0.3370307167235495,7.800000000000011
#56 Ethiopia 600 lighter,1616961773138,154.8,197.4,235.6,203.1,235,0,1201,600,524,,62,76,,600,1036.0,0,640,Pretty well controlled roast that I put more energy into the middle of.  Temps caught up to #55 but a little extra fan slowed the ROR near the end. Will be interesting to see if a little longer development but lower peak temp changes flabor notably.,71,558,[],,IUMrbl9pMB4QKD5QZNyW,116.0,78.3,638.0,0.9666666666666667,5.333333333333333,8.633333333333333,3.03951367781155,0.329,5.699999999999989
#58 Ethiopia Halo Bariti - new batch,1617413485078,150.2,200.9,235.5,207.3,235,0,1190,600,520,,51,42,,595,1040.0,0,606,friday night cold snap in pittsburgh. new small 5lb batch is has some real crisp popcorn smells at 6:30 in the roast.,75,558,[],,1d2e5ee1-cd9f-4826-9773-d7a19b1db6c0,114.0,81.9,604.0,0.95,5.05,8.666666666666666,2.961672473867596,0.3376470588235294,6.400000000000006
#59 Ethiopia Halo Bariti - 600 good PH faster,1617416101592,154.5,200.4,236.8,206.8,235,0,1054,600,520,,64,58,,527,942.0,0,562,a bit faster than the last roasts with no soak and higher heat.  went into FC with a significatnly higher ROR,76,562,[],,1d2e5ee1-cd9f-4826-9773-d7a19b1db6c0,121.0,85.0,564.0,1.0083333333333333,4.683333333333334,7.85,2.629740518962076,0.38026565464895634,6.400000000000006
#60 Ethiopia Halo Bariti - 600 slower malliard and DTR,1617582638092,152.0,199.3,237.4,206.4,235,0,1146,600,518,,62,58,,573,1034.0,0,600,"used a little more fan on this one, but i'll never know i mixed it with the last ",76,562,[],,1d2e5ee1-cd9f-4826-9773-d7a19b1db6c0,118.0,84.7,576.0,0.9833333333333333,5.0,8.616666666666667,2.875062719518314,0.34781849912739965,7.099999999999994
#61 Ethiopica Halo Bariti - 477 last,1617584444696,157.0,195.3,234.8,205.9,235,0,1074,477,413,,60,52,,537,974.0,0,510,,76,562,[],,1d2e5ee1-cd9f-4826-9773-d7a19b1db6c0,113.0,89.2,506.0,0.9416666666666667,4.25,8.116666666666667,2.7496159754224268,0.36368715083798886,10.599999999999994
#62 mixed for Sam 478,1617586606212,146.0,191.5,235.7,205.6,235,0,1062,478,0395,,60,58,,531,818.0,0,456,"Kenya & Burrundi, maybe more. Hot and fast dry.   (OLD beans maybe low moisture). but worked hard to drop their temp regualrly seemed to be fine.",79,562,[],,,114.0,88.3,456.0,0.95,3.8,6.816666666666666,2.772845953002611,0.3606403013182674,14.099999999999994
#63 Guat from Rob- 1st Houston,1631999780122,162.3,190.4,236.6,205.2,235,0,1073,400,0,,0,0,,534,832.0,0,426,,80,596,[],,,128.0,102.0,432.0,1.0666666666666667,3.55,6.933333333333334,2.8046218487394956,0.35655430711610486,14.799999999999983
#64 Ethiopia Refisa - 500 2nd with Rob,1632001383668,159.2,198.0,231.1,203.8,235,0,1298,500,436,,29,54,,646,1138.0,0,492,2nd  in houston,80,596,[],,qR10Om9dg1PT7TeH1vLe,119.0,95.9,534.0,0.9916666666666667,4.1,9.483333333333333,3.2626262626262625,0.3065015479876161,5.800000000000011
#65 Ethiopia Refisa - 220PH ,1632004632306,158.7,199.9,223.0,205.3,220,0,1510,500,429,,29.6,51,,752,1302.0,0,548,220 PH and tried to slow it down. Dip to P2 was too low ahead of PH.,80,596,[],,qR10Om9dg1PT7TeH1vLe,127.0,94.5,582.0,1.0583333333333333,4.566666666666666,10.85,3.761880940470235,0.2658244680851064,5.400000000000006
#66 Ethiopia Refisa -230PH 600g - GREAT,1633024825240,156.5,195.4,232.6,201.5,230,0,1709,600,520.8,,31.8,59,,852,1696.0,0,646,"Exhaust fan is gap between M-H.   Stalled out and didn't really get into much of a FC. Slow cooling process as well, Lots of quakers.  I don't have high expectations
- Cupping Notes:  pretty damn good berry flavor and sweetness. Great coffee where I would say this sideways development was 'pre-bake' didn't result in baked flavors.  A bit of power at the end to push into FC and a drop at a low final BT retained the light roast notes with great development.  Not grassy or awkward. Still a little bit of nice acid and tea-like flavor.",83,596,[],5,qR10Om9dg1PT7TeH1vLe,125.0,90.9,700.0,1.0416666666666667,5.383333333333334,14.133333333333333,4.36028659160696,0.22934272300469485,6.099999999999994
#67 Ethiopia Refisa - 240PH 600g,1633026130470,163.2,193.9,241.4,199.0,240,0,1362,600,522.9,,33.6,53,,678,1246.0,0,568,stalled near FC again. Next time: Use P8-9 longer at start to get that momentum up.  Note: lower loss%,83,596,[],,qR10Om9dg1PT7TeH1vLe,124.0,95.8,574.0,1.0333333333333334,4.733333333333333,10.383333333333333,3.4966477565755545,0.2859882005899705,5.099999999999994
#68 Guattemala Huehue Familia Ovalle - 235PH 500g,1633027912761,163.3,189.6,235.1,204.1,235,0,1407,500,432,,34,51,,701,1090.0,1388,560,,83,596,[],,kZtpP6dhhEUFXWhI5s16,127.0,95.8,566.0,1.0583333333333333,4.666666666666667,9.083333333333334,3.697257383966245,0.2704707560627675,14.5
#69 Guatemala - Huehue,1633030958745,151.8,188.5,236.7,199.2,235,0,1256,500,430,,35,47,,625,994.0,0,520,Dropped at 199 with a pretty good FC but it was out of ROR momentum.  If I didn't reduce the power so much I could have gone further as I wanted to take this more to a medium roast.,85,596,[],,kZtpP6dhhEUFXWhI5s16,123.0,94.3,526.0,1.025,4.333333333333333,8.283333333333333,3.315649867374005,0.3016,10.699999999999989
#70 Guat - Org Hue Hue - bad,1635603214703,157.7,188.6,235.0,205.2,235,0,1040,600,515,,17.4,51,,517,760.0,0,406,"Trying to got harder on this one and avoid dropping the ROR to zero at 201C.. Attempting 208 drop.
Result: Started very hot, maybe extending 9 was too much. Panicked a bit and crashed it. Unable to get over 205.  Beans and an immediate shot tasted pretty sharp (metal acrid at behind my front teeth). No choc or body ",87,596,[],,kZtpP6dhhEUFXWhI5s16,123.0,97.0,416.0,1.025,3.3833333333333333,6.333333333333333,2.741251325556734,0.36479690522243713,16.599999999999994
#71 El Sav - DP Don Ricardo - 235 PH,1635606025602,162.2,195.0,236.2,205.2,235,0,1160,600,515,,19.5,49,,577,992.0,0,456,"Working off #66 ETH I'm gonna try to start hot and get to 205 drop.    
Results:  seems to work well enough, P9 started a bit too high and had to have a lot of faith bringing it down. 
NOTES: interestingly the chaff on this bean seems to have blackened and stuck ON the bean about 10-20% of the time",87,602,[],,AWfGopwb8pf5NSbt2agf,,,442.0,,3.8,8.266666666666667,2.958974358974359,0.3379549393414211,10.199999999999989
#72 El Salvador DP - 700g - ,1636919412076,147.2,189.7,233.5,208.8,235,0,1388,700,603,,28,43,,692,1100.0,0,446,"First roast after the cleaning of the inside faceplate and fan +.  Really well controlled for what I wanted to do.  Early bean tasting of fruit and chocolate. Happy with that.
",90,602,[],5,AWfGopwb8pf5NSbt2agf,122.0,91.8,451.0,1.0166666666666666,3.716666666666667,9.166666666666666,3.6478650500790724,0.2741329479768786,19.100000000000023
#73 El Sav DP - 1kg 290 PH,1636921990089,185.8,201.4,288.5,212.6,290,0,1095,1000,840,,28.2,46,,545,884.0,0,402,"change yp. first kilo batch.  High PH worked well, actually a lot hotter than expected.
Pretty damn good results. Not mega fruity but mild round and pleasant",90,602,[],4,AWfGopwb8pf5NSbt2agf,128.0,105.0,405.0,1.0666666666666667,3.35,7.366666666666666,2.706057596822244,0.36954128440366973,11.199999999999989
#74 Sulawesi - 1kg from 285PH - ,1636925742204,192.0,197.0,284.2,212.3,285,0,1272,1000,865,,28.5,45,,634,922.0,0,410,"5C PH less than the DP El Salv.  Behaved quite similar with a little crash at the end. May not be quite the same of a fruity bean, but has potential. ",90,602,[],,78RYxphgTFIcPGKRnS0l,131.0,103.2,415.0,1.0916666666666666,3.4166666666666665,7.683333333333334,3.218274111675127,0.3107255520504732,15.300000000000011
#75 - DP Ethiopia Refisa - 800g 245PH,1638327765864,150.8,198.3,246.8,210.9,245,0,1364,800,0,,21.6,61,,680,946.0,0,414,,93,602,[],3,qR10Om9dg1PT7TeH1vLe,118.0,94.0,437.0,0.9833333333333333,3.45,7.883333333333334,3.4291477559253654,0.29161764705882354,12.599999999999994
#76 Guate Jilotepeque San Martin 700g 240PH,1640112031131,143.9,183.6,240.1,208.6,240,0,1302,700,600,,14.4,45,,649,980.0,0,458,"CRASHED hard, whoops.  also fast to start. maybe need to start hotter and not give it as much power?  
",94,602,[],3,cogFQARv6xcU3yl6lXi8,119.0,92.2,461.0,0.9916666666666667,3.816666666666667,8.166666666666666,3.5348583877995643,0.28289676425269644,25.0
"#77   Guate Jilotepeque SM 700g 255PH, lots of fan",1640113591614,155.1,185.3,257.0,209.1,255,0,1230,700,596,,14.4,45,,613,858.0,0,400,Testing 255 vs last 240PH. Tried to slow down the early roast speed and use more FAN to keep the temps down. will be interesting to see results in cupping,94,602,[],2,cogFQARv6xcU3yl6lXi8,115.0,96.6,401.0,0.9583333333333334,3.3333333333333335,7.15,3.3081489476524553,0.30228384991843393,23.799999999999983
#78 Guate Jilotepeque SM,1640114785945,155.5,185.3,253.9,209.3,255,0,1338,700,598,,14.6,44,,667,1000.0,0,434,Pretty good roast with minor stall.  Really see how that initial momentum just does it's thing and early power changes are hard to decipher,94,602,[],2,cogFQARv6xcU3yl6lXi8,121.0,98.5,437.0,1.0083333333333333,3.6166666666666667,8.333333333333334,3.5995682676740417,0.27781109445277363,24.0
#79 Guatemala Jilotepeque SM 500g 200PH,1641055854893,147.3,185.1,226.6,209.2,225,0,1318,500,421,,28.4,74,,657,782.0,0,378,"Too fast again. then stalled at FC. ugh
bad roast IMO",97,602,[],,cogFQARv6xcU3yl6lXi8,117.0,100.9,385.0,0.975,3.15,6.516666666666667,3.549432739059968,0.2817351598173516,24.099999999999994
#80 Eth DP 500g 220PH,1641057380277,145.5,187.3,221.4,212.2,220,0,1321,500,427,,28.8,66,,658,964.0,0,454,"Decent roast, probably started with a higher PH than needed (it's nearly 80 degrees in the roasting room). Thus 215 could have kept the start slower.",97,602,[],,9zoUY1AgURIABeLQFn3M,122.0,100.1,451.0,1.0166666666666666,3.783333333333333,8.033333333333333,3.5130806193272823,0.2846504559270517,24.899999999999977
#81 Guatemala SM Jil - PH215 mostly fan - 214 drop,1641757956194,126.7,184.3,218.1,214.6,215,0,1583,500,422,,25.6,71,,789,1098.0,0,542,"Tried something different, went back to a lower batch size and used lower PH and power to limit the initial spike and crash. It worked.  Just one power change and then fan. Humid afternoon. Good roast to  great roast.  59g/100ml. Very smooth, sweet, and chocolately espresso on 01/21/22 - 12 days after roast",99,602,[],5,cogFQARv6xcU3yl6lXi8,113.0,90.5,545.0,0.9416666666666667,4.516666666666667,9.15,4.281063483450895,0.23358681875792142,30.299999999999983
#82 - Guatemala SM Jil  215PH same as last,1641759164760,139.9,183.5,216.9,213.7,215,0,1436,500,425.4,,26.6,68,,716,1038.0,0,528,Good roast again. dropped at 413 and maybe lost a few less in the cooling? slightly diff loss weight.  61.6g/100ml,99,602,[],5,cogFQARv6xcU3yl6lXi8,122.0,96.5,533.0,1.0166666666666666,4.4,8.65,3.9019073569482288,0.2562849162011173,30.19999999999999
#83 - Eithopian 210PH low power method as last 2,1641761271749,139.0,190.5,213.1,204.8,210,0,1568,600,515,,26.8,66,,782,1280.0,0,582,"Nice roast, a little faster than @bradm 's July 20, 2020 Excellent roast! .   Good roast  61.6g/100ml.
espresso never turned out to be great",101,602,[],3,9zoUY1AgURIABeLQFn3M,122.0,90.6,587.0,1.0166666666666666,4.85,10.666666666666666,4.10498687664042,0.24360613810741688,14.300000000000011
#84 - Guatemala SM Jil  215PH 600g,1642873713096,129.1,187.0,215.2,210.1,215,0,1455,600,512,,16.9,44,,725,1076.0,0,566,Lower TP and rise  than #81 probably due to 100g more greens and Ambient Temp. First roast of the day but 1 hr preheat. no soak and waited longer to raise fan to work on catching up. (greens at 110g/100ml) roaster 63.8g/100ml,102,602,[],,cogFQARv6xcU3yl6lXi8,115.0,84.8,569.0,0.9583333333333334,4.716666666666667,8.966666666666667,3.877005347593583,0.2579310344827586,23.099999999999994
#85 Guatemala SM Jil - 650g 215PH- ,1642874973614,124.0,188.0,217.0,214.0,215,0,1481,650,553,,18.5,43,,738,1118.0,0,610,Roasted 63.4g/100ml,102,602,[],,cogFQARv6xcU3yl6lXi8,114.0,81.3,613.0,0.95,5.083333333333333,9.316666666666666,3.925531914893617,0.25474254742547425,26.0
#86 Ethiopia DP Super Soaker long fan whoops 210drop,1642875946227,141.4,190.8,218.1,210.1,215,0,1660,650,556,,20,42,,828,1360.0,0,696,weird one. i put it to F8 instead of P8.... we'll see how this goes. 56.8g/100ml,102,602,[],,9zoUY1AgURIABeLQFn3M,130.0,88.9,699.0,1.0833333333333333,5.8,11.333333333333334,4.339622641509433,0.23043478260869565,19.299999999999983
"#87 El Salvador - 300g 1st, a bit too fast",1645909624521,154.5,192.0,226.3,215.8,225,0,1135,300,260,,16.3,61,,565,750.0,0,390,First go on this bean and 300g to match the sourdough beans. Seemed to go in a bit hot and fast to 1st so i purposely stalled it a bit to develop more and dropped at 215.  Beans have some strong notes of grape outta the cooling basket.   72g/100 ml green - 40 g/100ml roasted,105,602,[],,4W7KCxegrcGSkr0fL1Rr,127.0,102.9,393.0,1.0583333333333333,3.25,6.25,2.9427083333333335,0.3398230088495575,23.80000000000001
"#88 El Salvador - slow low power, stalledish, 300g - 215 drop",1645910495628,148.4,188.9,224.4,215.0,225,0,1497,300,257,,17,59,,746,996.0,0,482,idk this one wasn't great. P5 with this low pre-heat and the ROR didn't get to 15 on the initial ramp. 72g/100ml green. - 46.6g/100ml roasted,105,602,[],,4W7KCxegrcGSkr0fL1Rr,128.0,101.3,485.0,1.0666666666666667,4.016666666666667,8.3,3.949179460031763,0.2532171581769437,26.099999999999994
#89 El Salvador Sourdough treatment!,1645912380531,139.5,191.7,241.6,221.3,240,0,1313,390,250,,16.3,59,,654,902.0,0,618,"300 g of El Salv + 165g of whole wheat sourdough starter + 185g of water + pinch of sugar, 2.5 days ferment and then washed. Ended as 525g wet. baked at 120-150d for about 35 mins, and that wasn't working great so I put them in 3 mesh sieves and a fan for 3 days. They dried to about 390g. PH at 240 and P9, sucked lots of power. Early smoke was sweet, a bit like hickory wood. Yellowing and browning was highly variable. 25-30% of beans were barely yellow while some were a dark translucent brown, clearly not evenly progressing. At ~180C puffy-pops in early FC, sounded like popcorn but you could see the beans were still light brown variable colors and texture.  Roaring FC about 10 deg below 200, kept it going and at 210, some beans out of the trier were still soft and pliable. Ended up going pretty hot to 220 just to try to dry things up. Tasting the beans are pretty wild and sweet blackberry or grape candy-like, but also very dark and smokey flavors due to the high drop temp",105,602,[],,4W7KCxegrcGSkr0fL1Rr,126.0,90.3,621.0,1.05,5.15,7.516666666666667,3.4115805946791866,0.29311926605504585,29.600000000000023
#90 Guatemala - Started new scale - ugh,1647208802445,135.0,204.8,223.4,218.7,220,0,1832,690,586.2,,22,46,,914,1406.0,0,812,"OH LORD - realized my scale has been in gn nor grams!   At least or probably since I've been in Houston.  Lots of previous problems starting to make sense but I will not be able to clean up all my errors.  Tried to use low PH 500g profile with only 5deg higher profile and it's not working great.  The numbers below are correct in grams, not sure what i was doing before",108,602,[],,cogFQARv6xcU3yl6lXi8,125.0,75.8,813.0,1.0416666666666667,6.766666666666667,11.716666666666667,4.462890625,0.22407002188183808,13.899999999999977
#91 Ethiopian -,1647211568264,143.4,203.9,235.6,215.9,235,0,1444,600,510,,22.8,45,,720,1144.0,0,548,"Roast was looking very uneven at 190 and past 200, had to go a fair bit higher and dropped at 216, probably some of it is too dark.
Seems like a lot of quakers too",108,602,[],,9zoUY1AgURIABeLQFn3M,118.0,84.9,551.0,0.9833333333333333,4.566666666666666,9.533333333333333,3.531142717018146,0.28319444444444447,12.0
#92 Guatemala SM J 230PH 212.5 drop,1649013475190,156.8,202.0,230.4,212.5,230,0,1532,700,596,,33.3,32,,764,1236.0,0,730,"Last of this bean, managed to keep the ROR high on this 700g batch through most of the roast.  Surface is still a bit uneven and wrinkeled, maybe I could have extended to to 214+",110,602,[],0,cogFQARv6xcU3yl6lXi8,139.0,84.6,729.0,1.1583333333333334,6.083333333333333,10.3,3.782178217821782,0.2643979057591623,10.5
#93 Ethiopia Dry Process Hambela Dabaye 600g 230PH 213drop,1649014725180,148.1,203.4,229.1,213.3,230,0,1224,600,513,,33,29,,610,1030.0,0,576,"Pretty uneven roast. More quakers than I've ever seen, tons of chaff in the window (and trier) made it hard to keep up with progress.  Dropped at 212 with some dark beans but still many light ones, not high expectations",110,602,[],,9zoUY1AgURIABeLQFn3M,124.0,86.7,573.0,1.0333333333333334,4.8,8.583333333333334,2.999016715830875,0.33344262295081967,9.900000000000006
#94 Ethiopian Hambela -,1651339773927,159.2,203.7,245.7,211.7,245,0,1282,600,510,,22.8,45,,639,1070.0,0,600,"Roast was looking very uneven at 190 and past 200, had to go a fair bit higher and dropped at 216, probably some of it is too dark.
Seems like a lot of quakers too",112,602,[],5,9zoUY1AgURIABeLQFn3M,125.0,87.4,603.0,1.0416666666666667,5.0,8.916666666666666,3.1369661266568483,0.3187793427230047,8.0
#96 Ethiopia Hambela DP - Excellent,1654731921920,183.2,207.9,254.1,213.1,255,0,1175,700,598,,31.5,39,,585,998.0,0,534,Great roast on Drip!   mild chocolate and moderate berry and candy.    YES,114,602,[],5,9zoUY1AgURIABeLQFn3M,129.0,95.6,537.0,1.075,4.45,8.316666666666666,2.813852813852814,0.3553846153846154,5.199999999999989
#97 - El Salvador Siberia Washed - 212.5 drop,1654732761467,173.5,207.1,250.7,212.6,250,0,1326,640,548,,31.3,40,,661,1054.0,0,550,,114,602,[],,4W7KCxegrcGSkr0fL1Rr,133.0,95.6,553.0,1.1083333333333334,4.583333333333333,8.783333333333333,3.19169483341381,0.31331316187594555,5.5
#98 Ethiopia Hambela DP - P0 drop,1655680783687,181.2,207.1,254.7,211.1,255,0,1269,700,601,,33.6,37,,632,1058.0,0,560,"randomly dropped to P0 at 185 when I stepped away, don't know",116,602,[],,9zoUY1AgURIABeLQFn3M,132.0,94.9,563.0,1.1,4.666666666666667,8.816666666666666,3.0516658619024626,0.3276898734177215,4.0
#99 -  Ethiopia	Dry Process Hambela Dabaye - another 0 drop,1655681743694,182.6,209.6,255.9,211.0,255,0,1245,700,596.0,,33.5,36,,620,1034.0,0,528,,116,602,[],,9zoUY1AgURIABeLQFn3M,133.0,98.3,531.0,1.1083333333333334,4.4,8.616666666666667,2.9580152671755724,0.33806451612903227,1.4000000000000057
#101 El Sav Siberia Washed w/ Keith,1658015494686,197.8,205.8,263.1,208.8,265,0,1372,730,625,,37.8,37,,684,1054.0,0,554,,120,602,[],,4W7KCxegrcGSkr0fL1Rr,140.0,100.5,557.0,1.1666666666666667,4.616666666666666,8.783333333333333,3.323615160349854,0.30087719298245613,3.0
#103 - Ethiopia Hambela Dabaye - 211 drop,1660497267302,179.2,207.0,245.6,211.1,245,0,1174,600,514.7,,30.8,56,,585,904.0,0,500,,123,602,[],,9zoUY1AgURIABeLQFn3M,132.0,99.5,501.0,1.1,4.166666666666667,7.533333333333333,2.8260869565217392,0.35384615384615387,4.099999999999994
#104 Columbia Huila Double Ferment ,1660499556020,167.7,200.2,260.2,205.9,260,0,1216,700,602.5,,31,56,,606,1056.0,0,568,,123,602,[],,OclozUsprYAMg7xEdnvz,129.0,95.4,573.0,1.075,4.733333333333333,8.8,3.0269730269730273,0.33036303630363034,5.700000000000017
#105 Ethiopia yirg worka natural from rob 5lb ,1662925109254,192.0,212.9,250.4,213.4,250,0,1329,700,594,,34.4,43,,662,1160.0,0,606,tried to slow down the maillard a bit but got the over heating due to the back room being 35 degrees,126,602,[],,8Qv69lUrSVygnpwJO7xK,138.0,97.1,609.0,1.15,5.05,9.666666666666666,3.1094410521371536,0.3216012084592145,0.5
#106 Ethiopia Worka Natural Yirg,1665015723122,162.2,208.4,239.8,209.4,240,0,1351,700,600,,32.6,29,,673,1124.0,0,642,well done,127,602,[],,8Qv69lUrSVygnpwJO7xK,131.0,90.7,643.0,1.0916666666666666,5.35,9.366666666666667,3.22936660268714,0.3096582466567608,1.0
#107 Ethiopia Yirg Worka Natty - Good bridge between last two,1666389993212,140.7,207.5,241.8,210.7,245,0,1230,700,597,,32,32,,613,1094.0,0,612,Really happy with the control and steps of this roast.  Came out great from the learnings of the previous two. Dropped about 15 secs after intense berry notes,128,602,[],5,8Qv69lUrSVygnpwJO7xK,119.0,84.7,616.0,0.9916666666666667,5.1,9.116666666666667,2.9542168674698797,0.33849918433931486,3.1999999999999886
#108 Guatemala Huehuetenago Coffee Kids,1666392251729,174.3,206.8,259.5,210.3,260,0,1307,700,593,,32,33,,651,1058.0,0,618,"Decent roast, this will be compared to the Ethiopian to dropped at the same temp",129,602,[],,uBgPgTYXRgs21NPUJUvU,133.0,93.3,622.0,1.1083333333333334,5.15,8.816666666666666,3.1479690522243713,0.3176651305683564,3.5
#109 Columbia - Huila Double Ferment - 2min soak - 219 drop. whoops then dark,1669415201439,179.5,212.1,271.0,220.8,270,0,1414,750,636.3,,23,69,,705,1046.0,0,736,"Well this one I goofed up by setting F9 rather than P9 for over 2 mins, for a very long soak and likely loss of momentum",130,602,[],,OclozUsprYAMg7xEdnvz,140.0,93.3,739.0,1.1666666666666667,6.133333333333334,8.716666666666667,3.323903818953324,0.3008510638297872,8.700000000000017
#110 Columbia - Huila Double Ferment 212 drop,1669416080347,176.5,202.0,269.9,211.6,270,0,1135,750,648.1,,21.9,74,,565,1000.0,0,518,These Columbia roast/green ratios for Columbia double ferments are high. I might need to roast them 'longer'. Longer yellowing time or maybe further past FC,130,602,[],,OclozUsprYAMg7xEdnvz,128.0,93.2,523.0,1.0666666666666667,4.316666666666666,8.333333333333334,2.797029702970297,0.35752212389380533,9.599999999999994
#111 Ethiopia Refisa - ok,1672676368351,198.5,205.2,284.5,210.9,285,0,1197,750,,,0,0,,596,1122.0,0,473,"messed this one up by entering in the weight and data from 113,  i don't think I can re find this data",132,602,[],,qR10Om9dg1PT7TeH1vLe,131.0,101.1,473.0,1.0916666666666666,3.941666666666667,9.35,2.9044834307992202,0.3442953020134228,5.700000000000017
#112 Ethiopia Resfisa,1673914747861,177.3,206.1,275.1,211.0,275,0,1316,750,664,,25.4,61,,656,1122.0,0,528,,133,602,[],,qR10Om9dg1PT7TeH1vLe,126.0,93.8,531.0,1.05,4.4,9.35,3.182920912178554,0.31417682926829266,4.900000000000006
#113 Ethiopia Mix Refisia and Hambela Dabaye,1673915674575,166.1,206.4,268.7,210.4,270,0,1387,774,667,,25.3,63,,691,1122.0,0,600,Good roast to show effect of longer soak and slow yellowing,133,602,[],,qR10Om9dg1PT7TeH1vLe,131.0,89.2,603.0,1.0916666666666666,5.0,9.35,3.3478682170542635,0.2986975397973951,4.0
#114 Guatemalan Huehuetenango Coffee Kids,1674922506747,174.8,200.6,260.0,211.2,260,0,1237,700,597.3,,21,71,,616,1044.0,0,536,,135,602,[],,uBgPgTYXRgs21NPUJUvU,130.0,89.7,537.0,1.0833333333333333,4.466666666666667,8.7,3.070787637088734,0.32564935064935063,10.599999999999994
#115 Guatemala Huehuetenango Coffee Kids 650g/245ph,1674926021661,164.8,201.7,245.4,213.7,245,0,1348,650,554,,22.6,70,,672,1076.0,0,538,,135,602,[],,uBgPgTYXRgs21NPUJUvU,128.0,88.4,541.0,1.0666666666666667,4.483333333333333,8.966666666666667,3.331680713931582,0.3001488095238095,12.0
#116 Columbia Huila Double Ferment 450g,1674931890766,154.7,184.9,231.9,204.6,230,0,1139,450,387.8,,24.5,64,,567,956.0,0,466,,135,602,[],,OclozUsprYAMg7xEdnvz,124.0,94.2,469.0,1.0333333333333334,3.8833333333333333,7.966666666666667,3.0665224445646295,0.32610229276895947,19.69999999999999
#117 - Sulalwesi Toraja Pulu Pulu - 500g,1677542140246,158.3,194.3,234.5,209.6,235,0,1207,497,432,,29.6,31,,601,972.0,0,498,old Sulawesi Toraja Pulul pulu beans have probably been sitting around for a year-ish,138,602,[],,78RYxphgTFIcPGKRnS0l,124.0,94.4,503.0,1.0333333333333334,4.15,8.1,3.0931549150797735,0.32329450915141433,15.299999999999983
#118 - Colombia Decaf MWP,1677543271527,158.5,188.9,235.1,208.7,235,0,1156,450,397.2,,28.9,22,,576,920.0,0,484,"Roast was going fine, until I started screwing with it. I thought it was too hot and I stalled it out a bit.  Had nice chocolate notes at 1C and still hope for the best.",138,602,[],0,,124.0,95.9,487.0,1.0333333333333334,4.033333333333333,7.666666666666667,3.0492323980942295,0.3279513888888889,19.799999999999983
#119 Crown Jewel Ethiopia Organic Wenago Wolde Hirbe Raised Bed Natural,1678241374027,145.3,195.3,234.5,207.2,235,0,1069,500,444.1,,29.4,64,,532,840.0,0,460,"Whoops, I loaded the wrong recipe and only figured it out when I saw the different behavior and divergence after the peak ROR.  Changed a lot to try to get it to calm down but probably a bit too fast.  This had an even more uneven color than the next one (120).  Also I'm unsure if roast world has a bug where it jumps roasts and I enter the the wrong info in the wrong roast... This was a pain in the butt again.
This light and fast roast was preferred over the slower one",140,602,[],4,,112.0,91.0,463.0,0.9333333333333333,3.8333333333333335,7.0,2.7240143369175627,0.36710526315789477,11.899999999999977
#120 Crown Jewel Ethiopia Organic Wenago Wolde Hirbe Raised Bed Natural,1678243141893,162.1,195.0,235.8,203.9,235,0,1216,500,442.2,,29.6,65,,606,996.0,0,438,Good roast here. I followed the notes on the Crown Jewel site and really had to drop temp at 180C to keep it from taking off. I probably slowed it a bit too much and extended it more than needed.  Next time try D7 with 500 and let it finish a bit faster.,140,602,[],0,fDiscDtR3Y8dII8vlaOs,120.0,98.2,441.0,1.0,3.65,8.3,3.1076923076923078,0.3217821782178218,8.900000000000006
#121 - Rwanda 1st with Jim,1680137047417,150.9,194.0,235.8,208.2,235,0,1231,600,0,,24.6,45,,613,1004.0,0,522,"no soak I backed off power early to try and avoid the FC spike, however it seemed to have lost momentum.
Early tastes of this bean were poor.  Way too limey and dull.  No berry or sweetness. poor espresso",142,602,[],2,9a1400cf-daf6-4908-9237-20547b15b7db,121.0,86.7,525.0,1.0083333333333333,4.35,8.366666666666667,3.1597938144329896,0.3164763458401305,14.199999999999989
#122 - Rwanda 2nd,1680138304758,144.8,193.6,233.5,208.7,235,0,1220,600,518.2,,24.6,45,,608,970.0,0,538,Followed the previous roast quite closely with a sharp crash after first crack. Maybe consult Rao's BP book for more insight to stop crash. Continued to have issue with editing comments on the wrong roast,142,602,[],0,9a1400cf-daf6-4908-9237-20547b15b7db,121.0,87.0,541.0,1.0083333333333333,4.483333333333333,8.083333333333334,3.1404958677685952,0.31842105263157894,15.099999999999994
#123 Crown Jewel Ethiopia Wengo,1680463539407,163.6,202.9,235.2,208.3,235,0,1140,700,617,,30.3,55,,568,944.0,0,554,"Good little roast, started with a lower PH than I wanted but held it to P9 a while to keep it going. would probably repeat ",144,605,[],,,124.0,90.8,532.0,1.0333333333333334,4.616666666666666,7.866666666666666,2.799408575653031,0.3572183098591549,5.400000000000006
#124 Crown Ethio 2,1680465673674,169.8,209.3,240.7,214.6,240,0,1235,700,607.2,,31,55,,615,944.0,0,522,Decent roast that slowed hard because of a no change error.  Trying to figure out whats happening with the post 1C crashes,145,605,[],,,121.0,89.8,526.0,1.0083333333333333,4.35,7.866666666666666,2.9383659818442425,0.3403252032520325,5.299999999999983
#125 - Ethiopia Crown Jewel Natural Process 4-16,1681668320112,161.6,203.0,245.0,209.3,245,0,1100,700,616,,28,34,,548,860.0,0,498,"Decent roast with hot peak (flick) in middle that rushed into first crack. Bean crashed a bit.  Got to 209 quicker. Look out for body in the development.   Cupping: Berry and candied fruit aroma, a little paper and cardboard through the middle.  Cooled with more sweetness and cinnamon.  Prefered to #126 ",146,605,[],,,120.0,89.1,503.0,1.0,4.15,7.166666666666667,2.6995073891625614,0.3704379562043796,6.300000000000011
#126 - Ethiopia Crown Jewels Natural Wengo,1681668978656,162.8,205.2,246.6,210.5,245,0,1104,700,614.1,,28,26,,550,884.0,0,494,"Smoothed out the curve with a quicker move to P8 and F3. Later first crack then #125 with the same total time and temp. Expected longer Maillard phase, expected more flavor and body.  Cupping:  Less sweetness and flavor, a little more mellow and rounded. Hard to differentiate, but less preferred than #125",146,605,[],0,fDiscDtR3Y8dII8vlaOs,123.0,91.3,497.0,1.025,4.116666666666666,7.366666666666666,2.680311890838207,0.3730909090909091,5.300000000000011
#127 - Columbia Santa Barbra Natural - 1st & on air only,1683079893854,156.2,195.1,240.9,211.1,240,0,1067,600,520,,30,47,,531,946.0,0,488,controlled this pretty well with only fan adjustments,148,605,[],0,GTx5n8nsF613ejcKowm1U,123.0,94.2,491.0,1.025,4.066666666666666,7.883333333333334,2.7216811891337778,0.36741996233521657,16.0
"#128 - Columbia Santa Barbra Natural - Power only, F3 if poss",1683081088541,154.2,202.2,240.9,210.8,240,0,1136,600,518,,30,46.5,,566,978.0,0,508,Trying this as an experiment against the fan only mode.   I lost some momentum after the peak ROR but got it back and finished with a good and quick ROR. satisfied and excited to taste the difference between this and 127,148,605,[],0,GTx5n8nsF613ejcKowm1U,121.0,93.5,511.0,1.0083333333333333,4.233333333333333,8.15,2.799208704253215,0.3572438162544169,8.600000000000023
#129 Columbia Natural Mostly fan 245,1683853472758,159.0,200.8,245.9,209.4,245,0,1117,698.7,612.3,,32.6,40,,556,1022.0,0,562,Pretty decent roast. at 700g I only went 5 degree C higher than a 600 gram roast and it showed.  This lagged behind and took longer to heat up and keep going.  tried to finish it hard to make up for a slower start. Look for that in the taste and report back.,150,605,[],,,124.0,90.9,565.0,1.0333333333333334,4.683333333333334,8.516666666666667,2.7689243027888444,0.36115107913669064,8.599999999999994
#130 - Ethiopia Crown Jewel ,1683855497981,166.7,199.4,249.1,206.9,250,0,974,650,579.7,,35.5,41,,485,836.0,0,442,"Went in hot and coasted or controlled it pretty well.  Took this one faster and lighter than others, especially at the finish without too much of a flick or crash. hopeful.",150,605,[],,,119.0,95.7,445.0,0.9916666666666667,3.683333333333333,6.966666666666667,2.432296890672016,0.4111340206185567,7.5
