,beanChargeTemperature,beanDropTemperature,drumChargeTemperature,drumDropTemperature,preheatTemperature,roastStartIndex,roastEndIndex,totalRoastTime,indexFirstCrackStart,indexFirstCrackEnd,indexYellowingStart,weightGreen,weightRoasted,weightLostPercent,roastNumber,sampleRate,firmware,missingSeconds,userId,dateTime,roastName,comments,updatedAt,ambient,humidity,rating,beanId,indexTurningPoint,ibtsTurningPointTemp,index165PT,turningPointTime,yellowPointTime,firstCrackTime,time/temp,deltaIBTS-BT
0,125.9,187.6,237.7,204.6,240,0,1099,9.116666666666667,880.0,0,756,370,0.0,,8,2,562,[],73009f59-2d2e-4215-b6ff-961946ee0b80,1595642007716,First Post-seasoning,First real attempt after seasoning. Several small adjustments at FC did not react as quickly as expected.  Probably should have finished hotter or longer/ 408 finishing temp.  Confusion around BT readings due to lack of clarity and mixed nomenclature from Allio.,,78.0,90.0,2,3105b557-916f-40b6-bec1-59f17c2a8fd7,111.0,100.1,422.0,0.925,6.3,7.333333333333333,0.048596304193319124,17.0
1,150.1,189.8,244.9,207.6,245,0,971,8.05,760.0,0,406,380,336.0,11.578947368421053,9,2,562,[],73009f59-2d2e-4215-b6ff-961946ee0b80,1595983767878,2nd Ethopia Extended Dev,Better results to drop temp by increasing fan speed near FC. Some unnecessary fiddling with P's.  Tried lower D speed as Roasting Navigated said D8 is ideally less than threshold for centrufigle force lock. Accidently hit cool at first alarm but didn't drop... lowered fan and increased the auto-d1 drum speed to keep it cracking longer,,,50.0,2,3105b557-916f-40b6-bec1-59f17c2a8fd7,117.0,104.8,403.0,0.975,3.3833333333333333,6.333333333333333,0.04241306638566913,17.799999999999983
2,147.8,202.6,245.1,216.1,245,0,1031,8.55,838.0,0,422,490,425.0,13.26530612244898,10,2,562,[],73009f59-2d2e-4215-b6ff-961946ee0b80,1596160358079,First BBP attempt - CItyish,"First BBP PH try. PH to 260 9 mins + 2 min hold and droped to 240 & 245 over about 8 additional mins. 
Tried P8 w/ larger batch size. Difficult to control FC rise. Increase of Fan B4 first crack might have brought temp up. Color appeared darker as roaster becomes more seasoned and chaffe looked burnt (higher PH?). Beans have nice mild milk chocolate smell in early degassing.",,,,2,3105b557-916f-40b6-bec1-59f17c2a8fd7,113.0,97.4,422.0,0.9416666666666667,3.5166666666666666,6.983333333333333,0.042201382033563675,13.5
3,150.0,199.8,245.3,208.6,245,0,1125,9.333333333333334,872.0,0,448,490,0.0,,12,2,562,[],73009f59-2d2e-4215-b6ff-961946ee0b80,1596417079393,Ethiopia #4  w/ marcel,"Tried to use an increased fan speed to mitgate the rise at the first crack.
used about a 20-25 min preheat, did not see a huge positive effect from that PH.  Should step up to P8 at charge to get a greater ROR start",,71.0,75.0,2,3105b557-916f-40b6-bec1-59f17c2a8fd7,,,448.0,,3.7333333333333334,7.266666666666667,0.04671338004671338,8.799999999999983
4,158.7,198.9,247.3,211.0,245,0,1037,8.6,780.0,0,402,490,427.0,12.857142857142858,13,2,562,[],73009f59-2d2e-4215-b6ff-961946ee0b80,1596498641198,Ethiopian 5th - Hot Start,"Started with a long 35mins PH to 260, then droppd to 240.  Began at P9 to try and get a >20 ROR spike. Planned to drop 1P every 2:30, but needed more at the end.  Again tended to plateau ROR in middle of roast.
Dissapointed in the shape but understanding how modulation or vatious methods can and cannot be represented in the profile.
Tried to pick at yellowing point. Potentially IR @150",,80.0,52.0,2,3105b557-916f-40b6-bec1-59f17c2a8fd7,119.0,103.0,402.0,0.9916666666666667,3.35,6.5,0.043237807943690296,12.099999999999994
5,157.6,197.3,243.8,205.1,245,0,1180,9.783333333333333,836.0,0,404,490,421.0,14.081632653061224,17,2,562,[],73009f59-2d2e-4215-b6ff-961946ee0b80,1596920854091,"#7 Ethopian - no fan, applied reading, meh","Could not control ROR at 1C, again at 10. Hoping it could get it down to 5.
I tried to follow several steps in Rao's book including dropping power 2 min B4 1c (followed by fan increase 5 sec later), drop power 45 sec B4 1C, and halve during 1C (althought i started halving at 7% DTR instead of 12%).  A few panicy points as well when I notcied the curves looking mostly like my previous ones and not dropping.  Bullet on dedicated extension cord, fan across the room. Roasted 5pm and hottter outside",,85.0,40.0,2,3105b557-916f-40b6-bec1-59f17c2a8fd7,123.0,107.1,404.0,1.025,3.3666666666666667,6.966666666666667,0.04958607872951512,7.799999999999983
6,153.8,187.1,239.8,197.6,240,0,1301,10.8,988.0,1292,504,490,425.0,13.26530612244898,18,2,562,[],73009f59-2d2e-4215-b6ff-961946ee0b80,1597108652258,1/8 Guat Xinabajul Cuchu,"First guat roast, Felt like I did a good job of droping power to keep ROR falling. Based on some of my written notes but wanted to drop power after the inital ROR peak to keep it falling.  Potentially negative due to sorta crash at end, dropped below and 0 ROR and dropped at or below 200C. Overall, getting better...instinct or luck",,82.0,46.0,3,c0ce6a21-1edf-442b-a721-b295b5c20956,121.0,88.8,504.0,1.0083333333333333,4.2,8.233333333333333,0.05772314270443613,10.5
7,159.9,182.7,243.9,202.4,245,0,1621,13.466666666666667,1476.0,0,510,470,404.0,14.042553191489361,19,2,562,[],73009f59-2d2e-4215-b6ff-961946ee0b80,1597277335727,9 Nica DP with Rob,"dropped heat a lot to control high ROR,  found a very low and slow approach to FC. nice smell, confusing but good",,80.0,56.0,3,2340d664-e08e-4539-bcb6-c7b1a56d6e64,129.0,97.5,509.0,1.075,4.25,12.3,0.07370917715745302,19.700000000000017
8,132.9,187.3,215.5,199.9,215,0,1291,10.716666666666667,1128.0,0,616,470,411.0,12.553191489361701,19,2,562,[],73009f59-2d2e-4215-b6ff-961946ee0b80,1597280326178,10 Peru with Rob,Rob coming thru with the details on lower charge and power to get smoother ROR. Potential flat line in there,,79.0,56.0,3,bdad6ba2-15e8-4a67-bfb1-b63d7908f8cf,121.0,85.4,611.0,1.0083333333333333,5.133333333333334,9.4,0.057216586581242214,12.599999999999994
9,121.7,172.2,201.5,204.4,200,0,1073,8.9,950.0,0,548,300,0.0,,19,2,562,[],73009f59-2d2e-4215-b6ff-961946ee0b80,1597282004681,#11 Ethiopia Agaro Nano Challa w/ Rob,,,,,0,15149f1f-7c4c-4f5a-a830-f7ed5c9399f9,115.0,88.1,547.0,0.9583333333333334,4.566666666666666,7.916666666666667,0.05168408826945413,32.20000000000002
10,128.1,175.1,210.8,193.4,210,0,1719,14.283333333333333,1242.0,1566,698,450,384.0,14.666666666666666,22,2,562,[],73009f59-2d2e-4215-b6ff-961946ee0b80,1597514557046,#12 PNG Bariod,"slower roast, attempted to follow previous Peru. Found FC spike before sound at 196 degs, should plan to drop P 1 min sooner at 190ish? 
Seemingly went longer as I wanted to get rid of rasin mottel...",,72.0,68.0,2,e909f88b-4e94-4791-83e8-59fad3713332,122.0,79.9,697.0,1.0166666666666666,5.816666666666666,10.35,0.08157243479916239,18.30000000000001
11,129.6,181.7,217.3,199.2,215,0,1350,11.216666666666667,1022.0,0,608,450,385.0,14.444444444444445,22,2,562,[],73009f59-2d2e-4215-b6ff-961946ee0b80,1597516297433,#13 Kenya Nyeri Githiru AA,"attempted to plan to drop P before 1C since PNG was plateaued.  Did this a little better and found the 400g roast was behaving a fair bit different than 450, 13% different weight. Major crash at end that couldn't be countered with heat:  eh - bland taste of chewing beans",,78.0,70.0,3,7777609e-8e8f-4f45-b1dd-9f493beed45e,117.0,85.1,608.0,0.975,5.066666666666666,8.516666666666667,0.061731792331682266,17.5
12,132.6,182.5,230.5,204.1,230,0,1142,9.466666666666667,922.0,0,506,488,427.0,12.5,27,2,562,[],73009f59-2d2e-4215-b6ff-961946ee0b80,1599702325235,#17 Ethiopia Limu Musa  Soak 9/9/20,"This is another weird experiment.  First tried and the roast temp peaked at ~10ROR and plummeted... did not yellow after 8-9 mins..I think the Power was malfunctioning. call it a super long soak.  Then I cooled and pre-heated again to 230 and roasted on mostly 9 with increasing the fan speed.  Seemingly good results wtih 1C ~8 ROR. Used a dip in Power here and bought it back up to avoid a crash. Finished at 204 (although wish I was higher and 5 deg ROR at 18% DEV.  Nice taste after roasting, slightly tingy metalic smell?",,76.0,67.0,2,ee917c80-02a3-43d0-b91c-380b2ac6761b,105.0,83.3,505.0,0.875,4.216666666666667,7.683333333333334,0.051872146118721464,21.599999999999994
13,130.2,191.4,216.1,210.3,215,0,1156,9.6,924.0,0,540,490,425.0,13.26530612244898,28,2,562,[],73009f59-2d2e-4215-b6ff-961946ee0b80,1600622540630,#18 Eithopian DP Shakios Korommii with sm new DP mix,The roast temp was higher than expected mid roast but I feel it was well modulated with significant and pre-emptive increases in fan speed as well as a temp dip at 1C,,67.0,28.0,3,3105b557-916f-40b6-bec1-59f17c2a8fd7,108.0,83.2,540.0,0.9,4.5,7.7,0.050156739811912224,18.900000000000006
14,138.7,186.7,216.3,205.7,215,0,1149,9.533333333333333,902.0,0,520,490,425.0,13.26530612244898,29,2,562,[],73009f59-2d2e-4215-b6ff-961946ee0b80,1601429240993,#19 Etihopia Limu,Good roast with short to no soak.  had ~80g of washed eithopian in there which may have been early 1C aspect(?) ,,56.0,90.0,3,ee917c80-02a3-43d0-b91c-380b2ac6761b,119.0,82.4,520.0,0.9916666666666667,4.333333333333333,7.516666666666667,0.051062310301731834,19.0
15,129.5,190.2,216.3,202.5,215,0,1090,9.033333333333333,914.0,0,540,500,440.0,12.0,30,2,562,[],73009f59-2d2e-4215-b6ff-961946ee0b80,1601585623994,#20 Ethiopia Limu - Fan Rubbing,Fan was rubbing in the back causing a late spike in heat and problematic ,,63.0,41.0,2,ee917c80-02a3-43d0-b91c-380b2ac6761b,116.0,81.0,537.0,0.9666666666666667,4.5,7.616666666666666,0.04749386610585349,12.300000000000011
16,126.1,181.9,201.9,203.0,202,0,1414,11.75,1216.0,0,734,500,435.0,13.0,30,2,562,[],73009f59-2d2e-4215-b6ff-961946ee0b80,1601588681816,#21 Ethiopia Genji Challa,"Says 230 PH but maybe only 200, slow Turning Point and quick drop on P7, probably several things on the low end of what is needed. I tried to bring this below my typical but this felt too long.  Marcelle's HBD batch ",,62.0,42.0,3,9e7d2b7e-1f51-4baf-bc3c-5b061d91acd8,113.0,73.7,730.0,0.9416666666666667,6.116666666666666,10.133333333333333,0.06459593183067619,21.099999999999994
17,137.7,183.5,222.8,201.5,220,0,1355,11.25,1134.0,0,590,490,422.0,13.877551020408163,32,2,562,[],73009f59-2d2e-4215-b6ff-961946ee0b80,1601855575556,#22 Ethiopia Gengi Challa DP,"220 charge was higher than previous turning point. steady decline resulted in a bit of necessary lateral movement to get thru 1C without dropping hard and stalling at end, actually did a little end shuffle where I didn't drop but turned it to cool and back to on at the end for another 20-30 sec. ",,58.0,77.0,3,9e7d2b7e-1f51-4baf-bc3c-5b061d91acd8,110.0,81.7,591.0,0.9166666666666666,4.916666666666667,9.45,0.06130790190735695,18.0
18,133.2,183.1,223.1,204.1,220,0,1282,10.633333333333333,1040.0,1266,596,490,423.0,13.673469387755102,33,2,562,[],73009f59-2d2e-4215-b6ff-961946ee0b80,1602207340600,#22 Guat Xinabajul Chchu - typical,"Typical, sorta poorly controlled and ending mottled and past 'very light'   could not get a strong ROR ending finish without crashing",,54.0,62.0,2,c0ce6a21-1edf-442b-a721-b295b5c20956,118.0,80.3,596.0,0.9833333333333333,4.966666666666667,8.666666666666666,0.05807391225195704,21.0
19,129.3,181.7,217.7,204.5,215,0,1432,11.883333333333333,1156.0,0,684,490,420.0,14.285714285714286,34,2,562,[],73009f59-2d2e-4215-b6ff-961946ee0b80,1603330047486,#23 PNG Barioda Estate 1,Well (self) managed declining ROR with minimal input except for around 1C and TD. Next time go a little longer,,69.0,85.0,3,e909f88b-4e94-4791-83e8-59fad3713332,115.0,78.3,683.0,0.9583333333333334,5.7,9.633333333333333,0.06540084388185655,22.80000000000001
20,132.8,181.2,217.6,205.0,215,0,1469,12.2,1090.0,1422,640,490,416.0,15.10204081632653,34,2,562,,73009f59-2d2e-4215-b6ff-961946ee0b80,1603331383369,#24 PNG Barioda Estate 2nd Actual,Just a hair darker with some on-the-fly adjustments to keep this medium roast going 25 seconds longer than the previous. Taste will tell,,67.0,85.0,3,e909f88b-4e94-4791-83e8-59fad3713332,120.0,79.0,641.0,1.0,5.333333333333333,9.083333333333334,0.0673289183222958,23.80000000000001
21,119.0,181.3,202.7,201.2,200,0,1362,11.3,1128.0,0,692,490,429.0,12.448979591836734,36,2,562,[],73009f59-2d2e-4215-b6ff-961946ee0b80,1603414649858,# 25 Kenya Mix 350/140,Felt like low charge temp maybe have resulted in slower 2nd D (slower ROR drop) uncertain. ,,69.0,61.0,0,7777609e-8e8f-4f45-b1dd-9f493beed45e,112.0,72.7,691.0,0.9333333333333333,5.766666666666667,9.4,0.06232763375620518,19.899999999999977
22,119.4,187.3,203.3,207.3,200,0,1412,11.716666666666667,1128.0,0,664,490,429.0,12.448979591836734,36,2,562,[],73009f59-2d2e-4215-b6ff-961946ee0b80,1603415792364,# 25 Kenya Mix 350/140,Felt like low charge temp maybe have resulted in slower 2nd D (slower ROR drop) uncertain. ,,68.0,63.0,0,7777609e-8e8f-4f45-b1dd-9f493beed45e,112.0,72.7,691.0,0.9333333333333333,5.533333333333333,9.4,0.06255561487809218,20.0
23,139.2,186.7,219.2,208.7,225,0,1193,9.933333333333334,958.0,0,534,500,432.0,13.6,38,2,562,[],73009f59-2d2e-4215-b6ff-961946ee0b80,1604242690683,#27 Guat ,"Tried a combo of heat and fan with a 225 PH, but didn't get stability to avoid the crash",,43.0,100.0,4,c0ce6a21-1edf-442b-a721-b295b5c20956,108.0,80.3,534.0,0.9,4.45,7.983333333333333,0.05320478485984646,22.0
24,154.9,192.2,243.3,205.9,225,0,1122,9.35,918.0,0,514,500,434.0,13.2,38,2,562,[],73009f59-2d2e-4215-b6ff-961946ee0b80,1604245208378,#28 Guat 245PH no crash,,,54.0,72.0,5,c0ce6a21-1edf-442b-a721-b295b5c20956,118.0,89.1,514.0,0.9833333333333333,4.283333333333333,7.65,0.04864724245577524,13.700000000000017
25,150.1,189.7,194.7,203.3,245,0,1224,10.15,1012.0,0,496,500,435.0,13.0,40,2,562,[],73009f59-2d2e-4215-b6ff-961946ee0b80,1604590564923,#29 Genji Challa DP - Good,,,70.0,34.0,5,9e7d2b7e-1f51-4baf-bc3c-5b061d91acd8,103.0,89.5,496.0,0.8583333333333333,4.133333333333334,8.433333333333334,0.05350553505535056,13.600000000000023
26,148.0,186.4,245.9,204.6,245,0,1051,8.75,854.0,0,476,500,437.0,12.6,41,2,562,[],73009f59-2d2e-4215-b6ff-961946ee0b80,1604600188923,#30 Burrundi ,,,30.0,34.0,4,e22c4d21-3ef1-4ff6-81ef-a6127c941c52,113.0,90.7,475.0,0.9416666666666667,3.966666666666667,7.116666666666666,0.04694206008583691,18.19999999999999
27,149.9,186.1,245.7,202.8,245,0,1007,8.383333333333333,828.0,0,454,500,432.0,13.6,41,2,562,[],73009f59-2d2e-4215-b6ff-961946ee0b80,1604601066847,#31 Ethiopia Lima Musu washed and crashed,Really fast due to high temps after intital ROR drop. ,,70.0,34.0,3,ee917c80-02a3-43d0-b91c-380b2ac6761b,112.0,92.4,451.0,0.9333333333333333,3.783333333333333,6.9,0.04504746552032957,16.700000000000017
28,149.9,182.3,230.4,205.5,245,0,1183,9.816666666666666,876.0,0,492,497,429.0,13.682092555331993,44,2,562,[],73009f59-2d2e-4215-b6ff-961946ee0b80,1608076090892,#32 PNG / Guat for Tara,"Cupping: Much flatter and more empty than expected. Not much sweetness or rich/chocolate typical Guat flavor

Roast: Curve looked like a good roast given first at low temps (30 F in Pittsburgh adding a few to the garage, maybe 8), my water isn't frozen
waited a bit longer than a previous guat to drop temp because ambient escape.  245 PH",,38.0,60.0,4,e909f88b-4e94-4791-83e8-59fad3713332,114.0,90.6,489.0,0.95,4.1,7.3,0.053848966904370084,23.19999999999999
29,139.2,177.9,245.4,201.5,245,0,1082,9.016666666666667,846.0,0,482,490,430.5,12.142857142857142,44,2,558,[],73009f59-2d2e-4215-b6ff-961946ee0b80,1608077396752,#33 Kenya Gakuyu-Ini AA,"Damn cold, 2nd roast. Tried to play it off #32 but had more of a crash that I would have liked and it hung at 200-201 for too long",,38.0,60.0,4,55c16e48-9b08-4b2f-93d5-8f8b089a5017,117.0,89.4,482.0,0.975,4.016666666666667,7.05,0.05068390481543939,23.599999999999994
30,142.8,178.8,243.8,202.3,245,0,1256,10.466666666666667,980.0,0,570,490,428.0,12.653061224489797,46,2,558,[],73009f59-2d2e-4215-b6ff-961946ee0b80,1608418073349,#34 Kenya - Soak and watch,34 outside.  Crash at end is when I opened the garage door and kicked on the 2 fans in the garage! Also used green pad atop bullet to reduce heat loss in low temps.   YP at 165 was fine with visual change. Increased fan here. Tried power dip b4 1C.... Interesting -> 1C seemed to come early on this soaked roast. ,,42.0,78.0,4,55c16e48-9b08-4b2f-93d5-8f8b089a5017,119.0,90.0,572.0,0.9916666666666667,4.75,8.166666666666666,0.05853840417598807,23.5
31,138.6,185.8,232.1,205.4,230,0,1172,9.766666666666667,904.0,0,508,400,348.6,12.849999999999996,48,2,558,[],73009f59-2d2e-4215-b6ff-961946ee0b80,1608591810107,"#35 Kenya no soak - FC stall, balls","Smaller batch size with mid-sized PH... still have post 1C problems that could be causing baked flavors. Attempted to resist turning up the fan with very cold air entering the system. 
Cooled on box fan",,42.0,85.0,3,55c16e48-9b08-4b2f-93d5-8f8b089a5017,115.0,90.9,506.0,0.9583333333333334,4.233333333333333,7.533333333333333,0.05256548259777539,19.599999999999994
32,134.4,186.8,227.2,203.4,225,0,992,8.266666666666667,798.0,0,454,405,354.0,12.592592592592593,49,2,558,[],73009f59-2d2e-4215-b6ff-961946ee0b80,1609022936499,#36 Guat 400g from M.  ,"cold AF out,  garage is quite cold.  Tried to go quick and hot early, extend the mailard (althought that wasn't perfect, and keep it going thru FC... Seemed to work with hesitation to run fan at end (very cold air entering the machine).  First chew of post roast bean is a bit ashey..",,30.0,72.0,4,,105.0,84.0,454.0,0.875,3.783333333333333,6.65,0.04425410421127766,16.599999999999994
33,134.2,174.0,230.2,209.3,230,0,1094,9.116666666666667,820.0,0,460,401,346.0,13.71571072319202,49,2,558,[],73009f59-2d2e-4215-b6ff-961946ee0b80,1609023572351,#37 Kenya - fast start. always stalls,"Its a bit unnerving coming into the yellowing and browing with high RORs.  An articicle recomended trying to burn thru the drying phase hot to preserve some acidity, but then extend the mailard to get fruit and sweetness... however when set up with a hot drying phase, its hard to slow down the momentum, yet not stall momentum at the end",,29.0,70.0,4,55c16e48-9b08-4b2f-93d5-8f8b089a5017,114.0,89.4,458.0,0.95,3.8333333333333335,6.833333333333333,0.05239463601532567,35.30000000000001
34,135.1,194.7,214.9,208.9,215,0,1285,10.7,1180.0,0,636,490,420.0,14.285714285714286,52,2,558,[],73009f59-2d2e-4215-b6ff-961946ee0b80,1609438442061,"#38 Ethiopain Yirg.   LATE and HOT (205?) FC - PH 215, ","Garage open at 4min.  Holding steady, looked like a lot of chaff from this Yirg so I upped fan a tried to hold heat thru FC.  Very supprised that audible FC wasn't until 205C..   First notes of taste are ashy with some fruit...althought nice outside bean character, smooth finish ",,42.0,76.0,4,4a557687-d410-4ad2-b504-27b518a9a7ae,114.0,78.8,638.0,0.95,5.3,9.833333333333334,0.05495634309193631,14.200000000000017
35,125.0,190.4,206.1,206.6,205,0,1344,11.2,1256.0,0,690,490,421.0,14.081632653061224,52,2,558,[],73009f59-2d2e-4215-b6ff-961946ee0b80,1609440612037,#39 Ethiopian Yirg 205 PH - ,"Less Ashy, nice taste at end",,48.0,75.0,5,4a557687-d410-4ad2-b504-27b518a9a7ae,109.0,73.8,688.0,0.9083333333333333,5.75,10.466666666666667,0.0588235294117647,16.19999999999999
36,142.0,196.4,236.5,209.7,235,0,1089,9.066666666666666,970.0,0,536,490,422.3,13.816326530612242,52,2,558,[],73009f59-2d2e-4215-b6ff-961946ee0b80,1609441622617,#40 Ethiopian Yirg 235PH - Fast roast 209 drop but light!,"209 drop but visibly lighter, picked out 2 grams (roast weight corrected) of light and grassy beans",,45.0,75.0,5,4a557687-d410-4ad2-b504-27b518a9a7ae,109.0,83.7,532.0,0.9083333333333333,4.466666666666667,8.083333333333334,0.046164290563475895,13.299999999999983
37,147.2,197.4,235.6,209.8,235,0,1171,9.75,1056.0,0,588,490,421.0,14.081632653061224,55,2,558,[],73009f59-2d2e-4215-b6ff-961946ee0b80,1609976977201,#41 Ethiopian - 1:30 soak,,,46.0,76.0,0,4a557687-d410-4ad2-b504-27b518a9a7ae,115.0,87.1,584.0,0.9583333333333334,4.9,8.8,0.04939209726443769,12.400000000000006
38,131.5,197.1,225.3,209.3,225,0,1216,10.133333333333333,1106.0,0,572,490,420.5,14.183673469387756,55,2,558,[],73009f59-2d2e-4215-b6ff-961946ee0b80,1609979124648,#42 Ethiopia - no soak 225 - PREF," adjustemnts at 170ish to attempt drop ROR instead of plateauinng around FC... Test was supposed to let roast expand in DEV time but it reached 209 at a very similar time....   Result: Low acid, medium body, med-high flavors of a fruity cup",,45.0,75.0,0,4a557687-d410-4ad2-b504-27b518a9a7ae,113.0,81.0,568.0,0.9416666666666667,4.766666666666667,9.216666666666667,0.05141214273634365,12.200000000000017
39,144.4,194.9,226.6,208.0,225,0,1343,11.183333333333334,1148.0,0,568,490,418.0,14.693877551020408,57,2,558,[],73009f59-2d2e-4215-b6ff-961946ee0b80,1610670126501,#43 Ethiopia 225 42 mirror with longer dev,"pretty well behaved roast after quite closely following the last few.  Seems like a higher PH with a higher temp in the garage.   Would like to see if the low ROR at the end and a drop temp ~2 degs less than the previous roasts changes flavor
",,51.0,56.0,0,4a557687-d410-4ad2-b504-27b518a9a7ae,118.0,84.7,570.0,0.9833333333333333,4.733333333333333,9.566666666666666,0.05737985291602531,13.099999999999994
40,151.6,181.7,236.3,198.5,235,0,1018,8.483333333333333,862.0,0,476,490,433.0,11.63265306122449,58,2,558,[],73009f59-2d2e-4215-b6ff-961946ee0b80,1611363403112,#44 Kenya - Rao suggestion,"Attempted temp based power % based on Rao's CRBP.. did not appropriately account for fan changes on a cold night (30F outside) .  Beans quite hard with only 11.6% WL althought i was aftraight they were going a little long
Cupping:  High acid, moderate flavor",,43.0,66.0,0,55c16e48-9b08-4b2f-93d5-8f8b089a5017,124.0,89.8,472.0,1.0333333333333334,3.966666666666667,7.183333333333334,0.04668868097596771,16.80000000000001
41,141.4,186.2,239.4,202.5,240,0,1128,9.4,886.0,0,476,490,427.0,12.857142857142858,58,2,558,[],73009f59-2d2e-4215-b6ff-961946ee0b80,1611364084883,#45 Kenya Rao's with little to no fan. still crashed 40s after FC,pushed this roast a little further but it still crashed 40 sec after 1C.  the cold weather can't be helping but it does tend tto suck heat hard!,,42.0,60.0,0,55c16e48-9b08-4b2f-93d5-8f8b089a5017,113.0,86.4,476.0,0.9416666666666667,3.966666666666667,7.383333333333334,0.05048335123523094,16.30000000000001
42,142.7,191.3,245.0,206.3,245,0,1045,8.7,860.0,0,448,400,341.0,14.75,61,2,558,[],73009f59-2d2e-4215-b6ff-961946ee0b80,1612023771596,#46 Sumatra,"kinda ugly beans,   looks like kenyan FC crash,  so cold outside",,41.0,65.0,0,,110.0,91.8,448.0,0.9166666666666666,3.7333333333333334,7.166666666666667,0.04547830632514375,15.0
43,149.9,190.8,236.2,201.6,235,0,1151,9.583333333333334,904.0,0,486,490,429.0,12.448979591836734,61,2,558,[],73009f59-2d2e-4215-b6ff-961946ee0b80,1612025301077,#47 Ethiopia mix. 40%DP 40% wash 20% Burrundi,Pretty wonky chart. temp increases in unexpeted places when I was reducing heat.. ibtsTemps flatlineed after FC althought the ROR was still 5-2... potentially related to the method of smoothing in ROR?,,38.0,65.0,0,ee917c80-02a3-43d0-b91c-380b2ac6761b,121.0,86.3,484.0,1.0083333333333333,4.05,7.533333333333333,0.05022711390635919,10.799999999999983
44,163.3,187.7,242.6,204.7,240,0,1132,9.433333333333334,886.0,0,478,490,423.0,13.673469387755102,63,2,558,[],73009f59-2d2e-4215-b6ff-961946ee0b80,1612631405359,#48 Kenya - dip to fix crash,"Higher PH after quite a long warm up. Roared right into this roast in cold temps, no prob. about a 40sec dip at 180C seemed to control some of the FC spike with limited crash (but thats bean temp)   ",,37.0,41.0,0,55c16e48-9b08-4b2f-93d5-8f8b089a5017,126.0,94.1,478.0,1.05,3.9833333333333334,7.383333333333334,0.050257503107796135,17.0
45,141.2,188.1,236.8,205.5,235,0,1262,10.516666666666667,932.0,0,492,490,423.0,13.673469387755102,64,2,558,[],73009f59-2d2e-4215-b6ff-961946ee0b80,1612633639288,#49 Kenya playback,Large dip/spike after ROR peak due to pulling back cover off for fan rubbing. cancled playback at end to adjust power and time at FC. Interesting samem weight loss with a longer DTR,,40.0,41.0,0,55c16e48-9b08-4b2f-93d5-8f8b089a5017,117.0,86.8,492.0,0.975,4.1,7.766666666666667,0.05590997696260855,17.400000000000006
46,146.6,187.6,239.2,206.1,240,0,1208,10.066666666666666,916.0,0,468,490,423.0,13.673469387755102,65,2,558,[],73009f59-2d2e-4215-b6ff-961946ee0b80,1613327706339,#50 Kenya Recipie off 48,First recipie built off #48.   I missed the first P7-P6 step in the roast and needed to do a manual adjust for P drop on DTR at the end of the roast. However pretty happy,,42.0,76.0,4,55c16e48-9b08-4b2f-93d5-8f8b089a5017,120.0,90.5,468.0,1.0,3.9,7.633333333333334,0.05366027007818053,18.5
47,137.4,192.4,228.5,205.5,225,0,1358,11.316666666666666,1236.0,0,632,490,422.0,13.877551020408163,65,2,558,[],73009f59-2d2e-4215-b6ff-961946ee0b80,1613329471325,#51 Ethiopia Natural off Recipe,not well executed roast!  ,,41.0,76.0,0,4a557687-d410-4ad2-b504-27b518a9a7ae,111.0,81.4,598.0,0.925,5.266666666666667,10.3,0.05881843381843382,13.099999999999994
48,157.1,205.4,236.4,208.7,235,0,1418,11.816666666666666,1260.0,0,732,660,565.5,14.318181818181818,67,2,558,[],73009f59-2d2e-4215-b6ff-961946ee0b80,1614470122289,#52 Ethiopia Bedhatu - last w 660g,"Bit of a struggle with this higher batch size.  Started wiht lower momentum than expected and gave it a bit more power, it took off on me at the end and had a hard time bringing it down. Over all, much longer of a roast than i'd like. ",,45.0,77.0,0,4a557687-d410-4ad2-b504-27b518a9a7ae,123.0,75.4,746.0,1.025,6.1,10.5,0.057530022719896136,3.299999999999983
49,157.3,206.9,240.9,209.1,240,0,1495,12.45,1312.0,0,688,700,600.0,14.285714285714286,69,2,558,[],73009f59-2d2e-4215-b6ff-961946ee0b80,1615074983249,#54 Ethiopian 700,"decent roast, challenges in manageing 700g",,38.0,43.0,0,IUMrbl9pMB4QKD5QZNyW,118.0,77.7,678.0,0.9833333333333333,5.733333333333333,10.933333333333334,0.06017399710004833,2.1999999999999886
50,148.0,197.5,234.4,205.3,235,0,1173,9.766666666666667,1032.0,1170,602,600,524.5,12.583333333333334,70,2,558,[],73009f59-2d2e-4215-b6ff-961946ee0b80,1616343874386,#55 Ethiopia 600g,Pretty good roast following the last 700g. seems like 600 was more manageable to control,,50.0,20.0,0,IUMrbl9pMB4QKD5QZNyW,114.0,79.5,602.0,0.95,5.016666666666667,8.6,0.04945147679324895,7.800000000000011
51,154.8,197.4,235.6,203.1,235,0,1201,10.0,1036.0,0,640,600,524.0,12.666666666666666,71,2,558,[],73009f59-2d2e-4215-b6ff-961946ee0b80,1616961773138,#56 Ethiopia 600 lighter,Pretty well controlled roast that I put more energy into the middle of.  Temps caught up to #55 but a little extra fan slowed the ROR near the end. Will be interesting to see if a little longer development but lower peak temp changes flabor notably.,,62.0,76.0,,IUMrbl9pMB4QKD5QZNyW,116.0,78.3,638.0,0.9666666666666667,5.333333333333333,8.633333333333333,0.05065856129685917,5.699999999999989
52,150.2,200.9,235.5,207.3,235,0,1190,9.916666666666666,1040.0,0,606,600,520.0,13.333333333333334,75,2,558,[],73009f59-2d2e-4215-b6ff-961946ee0b80,1617413485078,#58 Ethiopia Halo Bariti - new batch,friday night cold snap in pittsburgh. new small 5lb batch is has some real crisp popcorn smells at 6:30 in the roast.,,51.0,42.0,,1d2e5ee1-cd9f-4826-9773-d7a19b1db6c0,114.0,81.9,604.0,0.95,5.05,8.666666666666666,0.04936120789779326,6.400000000000006
53,154.5,200.4,236.8,206.8,235,0,1054,8.783333333333333,942.0,0,562,600,520.0,13.333333333333334,76,2,562,[],73009f59-2d2e-4215-b6ff-961946ee0b80,1617416101592,#59 Ethiopia Halo Bariti - 600 good PH faster,a bit faster than the last roasts with no soak and higher heat.  went into FC with a significatnly higher ROR,,64.0,58.0,,1d2e5ee1-cd9f-4826-9773-d7a19b1db6c0,121.0,85.0,564.0,1.0083333333333333,4.683333333333334,7.85,0.04382900864936793,6.400000000000006
54,152.0,199.3,237.4,206.4,235,0,1146,9.55,1034.0,0,600,600,518.0,13.666666666666666,76,2,562,[],73009f59-2d2e-4215-b6ff-961946ee0b80,1617582638092,#60 Ethiopia Halo Bariti - 600 slower malliard and DTR,"used a little more fan on this one, but i'll never know i mixed it with the last ",,62.0,58.0,,1d2e5ee1-cd9f-4826-9773-d7a19b1db6c0,118.0,84.7,576.0,0.9833333333333333,5.0,8.616666666666667,0.0479177119919719,7.099999999999994
55,157.0,195.3,234.8,205.9,235,0,1074,8.95,974.0,0,510,477,413.0,13.417190775681341,76,2,562,[],73009f59-2d2e-4215-b6ff-961946ee0b80,1617584444696,#61 Ethiopica Halo Bariti - 477 last,,,60.0,52.0,,1d2e5ee1-cd9f-4826-9773-d7a19b1db6c0,113.0,89.2,506.0,0.9416666666666667,4.25,8.116666666666667,0.04582693292370711,10.599999999999994
56,146.0,191.5,235.7,205.6,235,0,1062,8.85,818.0,0,456,478,395.0,17.364016736401673,79,2,562,[],73009f59-2d2e-4215-b6ff-961946ee0b80,1617586606212,#62 mixed for Sam 478,"Kenya & Burrundi, maybe more. Hot and fast dry.   (OLD beans maybe low moisture). but worked hard to drop their temp regualrly seemed to be fine.",,60.0,58.0,,,114.0,88.3,456.0,0.95,3.8,6.816666666666666,0.04621409921671018,14.099999999999994
57,162.3,190.4,236.6,205.2,235,0,1073,8.9,832.0,0,426,400,0.0,,80,2,596,[],73009f59-2d2e-4215-b6ff-961946ee0b80,1631999780122,#63 Guat from Rob- 1st Houston,,,,0.0,,,128.0,102.0,432.0,1.0666666666666667,3.55,6.933333333333334,0.0467436974789916,14.799999999999983
58,159.2,198.0,231.1,203.8,235,0,1298,10.766666666666667,1138.0,0,492,500,436.0,12.8,80,2,596,[],73009f59-2d2e-4215-b6ff-961946ee0b80,1632001383668,#64 Ethiopia Refisa - 500 2nd with Rob,2nd  in houston,,29.0,54.0,,qR10Om9dg1PT7TeH1vLe,119.0,95.9,534.0,0.9916666666666667,4.1,9.483333333333333,0.05437710437710438,5.800000000000011
59,158.7,199.9,223.0,205.3,220,0,1510,12.533333333333333,1302.0,0,548,500,429.0,14.2,80,2,596,[],73009f59-2d2e-4215-b6ff-961946ee0b80,1632004632306,#65 Ethiopia Refisa - 220PH ,220 PH and tried to slow it down. Dip to P2 was too low ahead of PH.,,29.6,51.0,,qR10Om9dg1PT7TeH1vLe,127.0,94.5,582.0,1.0583333333333333,4.566666666666666,10.85,0.06269801567450392,5.400000000000006
60,156.5,195.4,232.6,201.5,230,0,1709,14.2,1696.0,0,646,600,520.8,13.200000000000008,83,2,596,[],73009f59-2d2e-4215-b6ff-961946ee0b80,1633024825240,#66 Ethiopia Refisa -230PH 600g - GREAT,"Exhaust fan is gap between M-H.   Stalled out and didn't really get into much of a FC. Slow cooling process as well, Lots of quakers.  I don't have high expectations
- Cupping Notes:  pretty damn good berry flavor and sweetness. Great coffee where I would say this sideways development was 'pre-bake' didn't result in baked flavors.  A bit of power at the end to push into FC and a drop at a low final BT retained the light roast notes with great development.  Not grassy or awkward. Still a little bit of nice acid and tea-like flavor.",,31.8,59.0,5,qR10Om9dg1PT7TeH1vLe,125.0,90.9,700.0,1.0416666666666667,5.383333333333334,14.133333333333333,0.07267144319344933,6.099999999999994
61,163.2,193.9,241.4,199.0,240,0,1362,11.3,1246.0,0,568,600,522.9,12.850000000000003,83,2,596,[],73009f59-2d2e-4215-b6ff-961946ee0b80,1633026130470,#67 Ethiopia Refisa - 240PH 600g,stalled near FC again. Next time: Use P8-9 longer at start to get that momentum up.  Note: lower loss%,,33.6,53.0,,qR10Om9dg1PT7TeH1vLe,124.0,95.8,574.0,1.0333333333333334,4.733333333333333,10.383333333333333,0.05827746260959257,5.099999999999994
62,163.3,189.6,235.1,204.1,235,0,1407,11.683333333333334,1090.0,1388,560,500,432.0,13.6,83,2,596,[],73009f59-2d2e-4215-b6ff-961946ee0b80,1633027912761,#68 Guattemala Huehue Familia Ovalle - 235PH 500g,,,34.0,51.0,,kZtpP6dhhEUFXWhI5s16,127.0,95.8,566.0,1.0583333333333333,4.666666666666667,9.083333333333334,0.06162095639943742,14.5
63,151.8,188.5,236.7,199.2,235,0,1256,10.416666666666666,994.0,0,520,500,430.0,14.0,85,2,596,[],73009f59-2d2e-4215-b6ff-961946ee0b80,1633030958745,#69 Guatemala - Huehue,Dropped at 199 with a pretty good FC but it was out of ROR momentum.  If I didn't reduce the power so much I could have gone further as I wanted to take this more to a medium roast.,,35.0,47.0,,kZtpP6dhhEUFXWhI5s16,123.0,94.3,526.0,1.025,4.333333333333333,8.283333333333333,0.05526083112290008,10.699999999999989
64,157.7,188.6,235.0,205.2,235,0,1040,8.616666666666667,760.0,0,406,600,515.0,14.166666666666666,87,2,596,[],73009f59-2d2e-4215-b6ff-961946ee0b80,1635603214703,#70 Guat - Org Hue Hue - bad,"Trying to got harder on this one and avoid dropping the ROR to zero at 201C.. Attempting 208 drop.
Result: Started very hot, maybe extending 9 was too much. Panicked a bit and crashed it. Unable to get over 205.  Beans and an immediate shot tasted pretty sharp (metal acrid at behind my front teeth). No choc or body ",,17.4,51.0,,kZtpP6dhhEUFXWhI5s16,123.0,97.0,416.0,1.025,3.3833333333333333,6.333333333333333,0.04568752209261223,16.599999999999994
65,162.2,195.0,236.2,205.2,235,0,1160,9.616666666666667,992.0,0,456,600,515.0,14.166666666666666,87,2,602,[],73009f59-2d2e-4215-b6ff-961946ee0b80,1635606025602,#71 El Sav - DP Don Ricardo - 235 PH,"Working off #66 ETH I'm gonna try to start hot and get to 205 drop.    
Results:  seems to work well enough, P9 started a bit too high and had to have a lot of faith bringing it down. 
NOTES: interestingly the chaff on this bean seems to have blackened and stuck ON the bean about 10-20% of the time",,19.5,49.0,,AWfGopwb8pf5NSbt2agf,,,442.0,,3.8,8.266666666666667,0.04931623931623932,10.199999999999989
66,147.2,189.7,233.5,208.8,235,0,1388,11.533333333333333,1100.0,0,446,700,603.0,13.857142857142858,90,2,602,[],73009f59-2d2e-4215-b6ff-961946ee0b80,1636919412076,#72 El Salvador DP - 700g - ,"First roast after the cleaning of the inside faceplate and fan +.  Really well controlled for what I wanted to do.  Early bean tasting of fruit and chocolate. Happy with that.
",,28.0,43.0,5,AWfGopwb8pf5NSbt2agf,122.0,91.8,451.0,1.0166666666666666,3.716666666666667,9.166666666666666,0.06079775083465121,19.100000000000023
67,185.8,201.4,288.5,212.6,290,0,1095,9.083333333333334,884.0,0,402,1000,840.0,16.0,90,2,602,[],73009f59-2d2e-4215-b6ff-961946ee0b80,1636921990089,#73 El Sav DP - 1kg 290 PH,"change yp. first kilo batch.  High PH worked well, actually a lot hotter than expected.
Pretty damn good results. Not mega fruity but mild round and pleasant",,28.2,46.0,4,AWfGopwb8pf5NSbt2agf,128.0,105.0,405.0,1.0666666666666667,3.35,7.366666666666666,0.04510095994703741,11.199999999999989
68,192.0,197.0,284.2,212.3,285,0,1272,10.566666666666666,922.0,0,410,1000,865.0,13.5,90,2,602,[],73009f59-2d2e-4215-b6ff-961946ee0b80,1636925742204,#74 Sulawesi - 1kg from 285PH - ,"5C PH less than the DP El Salv.  Behaved quite similar with a little crash at the end. May not be quite the same of a fruity bean, but has potential. ",,28.5,45.0,,78RYxphgTFIcPGKRnS0l,131.0,103.2,415.0,1.0916666666666666,3.4166666666666665,7.683333333333334,0.05363790186125211,15.300000000000011
69,150.8,198.3,246.8,210.9,245,0,1364,11.333333333333334,946.0,0,414,800,0.0,,93,2,602,[],73009f59-2d2e-4215-b6ff-961946ee0b80,1638327765864,#75 - DP Ethiopia Refisa - 800g 245PH,,,21.6,61.0,3,qR10Om9dg1PT7TeH1vLe,118.0,94.0,437.0,0.9833333333333333,3.45,7.883333333333334,0.057152462598756094,12.599999999999994
70,143.9,183.6,240.1,208.6,240,0,1302,10.816666666666666,980.0,0,458,700,600.0,14.285714285714286,94,2,602,[],73009f59-2d2e-4215-b6ff-961946ee0b80,1640112031131,#76 Guate Jilotepeque San Martin 700g 240PH,"CRASHED hard, whoops.  also fast to start. maybe need to start hotter and not give it as much power?  
",,14.4,45.0,3,cogFQARv6xcU3yl6lXi8,119.0,92.2,461.0,0.9916666666666667,3.816666666666667,8.166666666666666,0.05891430646332607,25.0
71,155.1,185.3,257.0,209.1,255,0,1230,10.216666666666667,858.0,0,400,700,596.0,14.857142857142858,94,2,602,[],73009f59-2d2e-4215-b6ff-961946ee0b80,1640113591614,"#77   Guate Jilotepeque SM 700g 255PH, lots of fan",Testing 255 vs last 240PH. Tried to slow down the early roast speed and use more FAN to keep the temps down. will be interesting to see results in cupping,,14.4,45.0,2,cogFQARv6xcU3yl6lXi8,115.0,96.6,401.0,0.9583333333333334,3.3333333333333335,7.15,0.055135815794207586,23.799999999999983
72,155.5,185.3,253.9,209.3,255,0,1338,11.116666666666667,1000.0,0,434,700,598.0,14.571428571428571,94,2,602,[],73009f59-2d2e-4215-b6ff-961946ee0b80,1640114785945,#78 Guate Jilotepeque SM,Pretty good roast with minor stall.  Really see how that initial momentum just does it's thing and early power changes are hard to decipher,,14.6,44.0,2,cogFQARv6xcU3yl6lXi8,121.0,98.5,437.0,1.0083333333333333,3.6166666666666667,8.333333333333334,0.059992804461234034,24.0
73,147.3,185.1,226.6,209.2,225,0,1318,10.95,782.0,0,378,500,421.0,15.8,97,2,602,[],73009f59-2d2e-4215-b6ff-961946ee0b80,1641055854893,#79 Guatemala Jilotepeque SM 500g 200PH,"Too fast again. then stalled at FC. ugh
bad roast IMO",,28.4,74.0,,cogFQARv6xcU3yl6lXi8,117.0,100.9,385.0,0.975,3.15,6.516666666666667,0.05915721231766612,24.099999999999994
74,145.5,187.3,221.4,212.2,220,0,1321,10.966666666666667,964.0,0,454,500,427.0,14.6,97,2,602,[],73009f59-2d2e-4215-b6ff-961946ee0b80,1641057380277,#80 Eth DP 500g 220PH,"Decent roast, probably started with a higher PH than needed (it's nearly 80 degrees in the roasting room). Thus 215 could have kept the start slower.",,28.8,66.0,,9zoUY1AgURIABeLQFn3M,122.0,100.1,451.0,1.0166666666666666,3.783333333333333,8.033333333333333,0.0585513436554547,24.899999999999977
